overall_qmat,ground_sq,second_sq,possible_cars_in_garage,year_built,first_sq,total_rooms,bas_bath_count,overall_cond,overall_sq,fireplaces,sale_price,house_age,total_living_area,area_per_room
0.7,0.6035087719298246,0.5301055245189323,2,2003,0.30017251293847036,8,1,0.5,0.4379042690815007,0,208500,0.04838709677419355,0.6035087719298246,0.44263456090651543
0.6,0.40701754385964917,0.0,2,1976,0.5336400230017252,6,0,0.8,0.5122897800776197,1,181500,0.2661290322580645,0.40701754385964917,0.42650299024236704
0.7,0.6368421052631579,0.5375543140906269,2,2001,0.3369752731454859,6,1,0.5,0.6190168175937905,1,223500,0.06451612903225806,0.6368421052631579,0.8388416745357254
0.7,0.6065789473684211,0.4692737430167598,3,1915,0.36055204140310526,7,1,0.5,0.5090556274256145,1,140000,0.7580645161290323,0.6065789473684211,0.5915283960609738
0.8,0.8175438596491228,0.6536312849162011,3,2000,0.4663599769982749,9,1,0.5,0.813712807244502,1,250000,0.07258064516129031,0.8175438596491228,0.5865071870737593
0.5,0.4508771929824561,0.35133457479826197,2,1993,0.26566992524439337,5,1,0.5,0.804333764553687,0,143000,0.12903225806451613,0.4508771929824561,0.7195467422096316
0.8,0.5964912280701754,0.0,2,2004,0.78205865439908,7,1,0.5,0.5435963777490298,1,307000,0.04032258064516129,0.5964912280701754,0.5760151085930123
0.7,0.7701754385964912,0.6101800124146493,2,1973,0.4445083381253594,7,1,0.6,0.5628719275549806,2,200000,0.2903225806451613,0.7701754385964912,0.8431134493457437
0.7,0.631578947368421,0.46679081315952825,2,1931,0.3956296722254169,8,0,0.5,0.2871927554980595,2,129900,0.6290322580645161,0.631578947368421,0.48040604343720483
0.5,0.32587719298245615,0.0,1,1939,0.4272570442783209,5,1,0.6,0.37128072445019406,2,118000,0.564516129032258,0.32587719298245615,0.4504249291784703
0.5,0.30964912280701756,0.0,1,1965,0.40598044853364,5,1,0.5,0.6157826649417852,0,129500,0.3548387096774194,0.30964912280701756,0.41548630783758256
0.5,0.2535087719298246,0.0,1,1962,0.332374928119609,4,1,0.6,0.7301423027166882,0,144000,0.3790322580645161,0.2535087719298246,0.5099150141643058
0.7,0.5087719298245614,0.0,3,2006,0.6670500287521565,7,0,0.5,0.5803363518758086,1,279500,0.024193548387096774,0.5087719298245614,0.44111695669769313
0.6,0.40307017543859647,0.0,1,1960,0.5284646348476136,5,1,0.5,0.5976714100905562,1,157000,0.3951612903225806,0.40307017543859647,0.6166194523135031
0.7,0.22807017543859648,0.0,2,1929,0.2990224266820012,5,0,0.8,0.2871927554980595,0,132000,0.6451612903225806,0.22807017543859648,0.2398489140698773
0.6,0.293859649122807,0.0,2,1970,0.3852788959171938,5,1,0.7,0.6184346701164295,1,149000,0.31451612903225806,0.293859649122807,0.3814919735599622
0.4,0.4219298245614035,0.0,2,1967,0.5531914893617021,6,0,0.5,0.589327296248383,0,90000,0.3387096774193548,0.4219298245614035,0.45325779036827196
0.5,0.34210526315789475,0.0,2,2004,0.4485336400230018,6,1,0.5,0.7771668822768435,0,159000,0.04032258064516129,0.34210526315789475,0.3100409191060748
0.5,0.4407894736842105,0.0,1,1958,0.5779183438757908,6,0,0.6,0.38033635187580855,0,139000,0.41129032258064513,0.4407894736842105,0.487094743468681
0.7,0.3394736842105263,0.0,1,1930,0.44508338125359403,6,0,0.7,0.37315653298835705,1,139400,0.6370967741935484,0.3394736842105263,0.3053194837897386
0.8,0.6407894736842106,0.0,2,2002,0.8401380103507764,7,0,0.5,0.5214747736093144,1,230000,0.056451612903225805,0.6407894736842106,0.6441386753001483
0.5,0.31842105263157894,0.0,2,1976,0.4174813110983324,6,1,0.7,0.16455368693402328,1,129900,0.2661290322580645,0.31842105263157894,0.2675480012590493
0.5,0.31842105263157894,0.0,1,1968,0.4174813110983324,6,1,0.8,0.4247089262613195,1,154000,0.33064516129032256,0.31842105263157894,0.2675480012590493
0.8,0.5552631578947368,0.0,3,2007,0.7280046003450259,7,0,0.5,0.8117723156532989,1,256300,0.016129032258064516,0.5552631578947368,0.5126129772022123
0.5,0.2482456140350877,0.0,2,1951,0.3254744105807936,5,0,0.7,0.3570504527813713,0,134800,0.46774193548387094,0.2482456140350877,0.28328611898017
0.8,0.6008771929824561,0.0,3,2007,0.7878090856814262,7,1,0.5,0.6337645536869341,1,306000,0.016129032258064516,0.6008771929824561,0.5827600161877782
0.5,0.5552631578947368,0.0,1,1957,0.7280046003450259,6,1,0.6,0.9470245795601552,2,207500,0.41935483870967744,0.5552631578947368,0.6924771797293043
0.4,0.08157894736842106,0.0,1,1927,0.10695802185163886,4,0,0.6,0.30038809831824065,0,68500,0.6612903225806451,0.08157894736842106,0.047214353163361644
0.4,0.43114035087719293,0.41464928615766605,1,1920,0.18113858539390457,6,0,0.4,0.4411384217335058,0,40000,0.717741935483871,0.43114035087719293,0.4697828139754485
0.5,0.39210526315789473,0.0,1,1966,0.5140885566417481,6,0,0.6,0.44398447606727043,0,149350,0.3467741935483871,0.39210526315789473,0.399748190116462
0.8,0.39473684210526316,0.0,2,2007,0.5175388154111559,7,0,0.5,0.6060155239327296,0,179900,0.016129032258064516,0.39473684210526316,0.2657493592337784
0.5,0.5991228070175438,0.0,2,1959,0.7855089131684877,6,0,0.5,0.5738680465717982,1,165500,0.4032258064516129,0.5991228070175438,0.771167768334907
0.9,0.5381578947368421,0.0,2,2005,0.7055779183438758,6,1,0.5,0.364359637774903,1,277500,0.03225806451612903,0.5381578947368421,0.6617878501731194
0.8,0.9289473684210526,0.819366852886406,3,2004,0.4588844163312249,9,0,0.5,0.7592496765847349,1,309000,0.04032258064516129,0.9289473684210526,0.7197565837792466
0.5,0.33464912280701753,0.0,2,1994,0.4387579068430133,6,0,0.5,0.59372574385511,0,145000,0.12096774193548387,0.33464912280701753,0.2966635190431225
0.5,0.4223684210526316,0.0,2,1954,0.5537665324899368,5,0,0.6,0.4432082794307891,1,153000,0.4435483870967742,0.4223684210526316,0.6581680830972614
0.5,0.3171052631578947,0.0,1,1953,0.4157561817136286,5,1,0.7,0.403751617076326,0,109000,0.45161290322580644,0.3171052631578947,0.4315391879131255
0.4,0.3587719298245614,0.0,0,1955,0.4703852788959172,6,0,0.5,0.28201811125485127,0,82000,0.43548387096774194,0.3587719298245614,0.33994334277620397
0.6,0.4342105263157895,0.0,2,1965,0.5692926969522715,6,0,0.5,0.45135834411384224,1,160000,0.3548387096774194,0.4342105263157895,0.4752911551778407
0.5,0.4359649122807018,0.0,1,1959,0.5715928694652099,5,0,0.6,0.9847994825355758,2,170000,0.4032258064516129,0.4359649122807018,0.6874409820585459
0.5,0.24122807017543857,0.0,2,1983,0.3162737205290397,5,1,0.7,0.4851228978007762,0,144000,0.20967741935483872,0.24122807017543857,0.26817752596789424
0.5,0.2649122807017544,0.0,1,1975,0.34732604945370904,5,1,0.6,0.4864165588615783,0,130250,0.27419354838709675,0.2649122807017544,0.31916902738432473
0.5,0.35789473684210527,0.0,1,1959,0.469235192639448,6,1,0.6,0.40523932729624845,0,141000,0.4032258064516129,0.35789473684210527,0.33836953100409184
0.8,0.5798245614035088,0.0,3,2006,0.7602070155261645,7,0,0.5,0.6090556274256145,0,249700,0.024193548387096774,0.5798245614035088,0.5503844597329017
0.4,0.4903508771929824,0.4444444444444444,0,1920,0.2311673375503163,8,0,0.5,0.17956015523932728,0,113000,0.717741935483871,0.4903508771929824,0.2903682719546742
0.5,0.2723684210526316,0.0,1,1966,0.3571017826336975,6,1,0.7,0.39210866752910734,0,127000,0.3467741935483871,0.2723684210526316,0.1849228832231664
0.6,0.4982456140350877,0.4196151458721291,2,1997,0.2645198389879241,6,0,0.6,0.7884217335058215,0,177000,0.0967741935483871,0.4982456140350877,0.5901794145420207
0.6,0.3692982456140351,0.0,2,1934,0.27717078780908566,6,0,0.6,0.2949547218628719,1,114500,0.6048387096774194,0.21140350877192982,0.07554296506137859
0.5,0.21140350877192982,0.0,2,1963,0.27717078780908566,5,1,0.5,0.43932729624838296,0,110000,0.3709677419354839,0.21140350877192982,0.20396600566572232
0.5,0.44999999999999996,0.0,2,1955,0.5899942495687177,6,0,0.5,0.35278137128072445,1,130000,0.43548387096774194,0.44999999999999996,0.5036197670758575
0.6,0.47850877192982455,0.0,2,1964,0.6273720529039678,7,0,0.5,0.5494825355756792,1,180500,0.3629032258064516,0.47850877192982455,0.39457709429380816
0.8,0.6162280701754386,0.4692737430167598,2,1999,0.37320299022426684,7,1,0.5,0.06241914618369987,0,172500,0.08064516129032259,0.6162280701754386,0.6063671927694589
0.7,0.6078947368421053,0.5338299193047796,2,2004,0.3024726854514088,7,0,0.5,0.6445666235446313,0,196500,0.04032258064516129,0.6078947368421053,0.5935518683394037
0.5,0.1956140350877193,0.0,1,1972,0.2564692351926394,4,0,0.7,0.3570504527813713,0,124900,0.29838709677419356,0.1956140350877193,0.3541076487252124
0.6,0.36140350877192984,0.0,2,2004,0.47383553766532494,5,1,0.5,0.736869340232859,0,158000,0.04032258064516129,0.36140350877192984,0.5269121813031161
0.5,0.34078947368421053,0.32898820608317814,1,1920,0.14203565267395055,6,0,0.7,0.3570504527813713,0,101000,0.717741935483871,0.34078947368421053,0.30768020144790675
0.8,0.45438596491228067,0.0,2,2006,0.5957446808510639,6,0,0.5,0.30802069857697284,1,202500,0.024193548387096774,0.45438596491228067,0.5114888259364181
0.7,0.6035087719298246,0.5015518311607697,2,1921,0.3266244968372628,9,0,0.6,0.5575679172056921,0,140000,0.7096774193548387,0.6035087719298246,0.3305004721435316
0.7,0.7456140350877193,0.606455617628802,2,1997,0.4157561817136286,8,1,0.5,0.49773609314359635,0,219500,0.0967741935483871,0.7456140350877193,0.6338526912181301
0.7,0.5021929824561403,0.0,2,2003,0.6584243818286372,7,1,0.5,0.5811772315653299,0,226000,0.04838709677419355,0.5021929824561403,0.4309995953055442
0.4,0.181140350877193,0.0,1,1945,0.23749281196089708,4,0,0.6,0.18939197930142304,0,80000,0.5161290322580645,0.181140350877193,0.315155807365439
0.7,0.856578947368421,0.6101800124146493,2,1953,0.5577918343875791,7,0,0.4,0.8999353169469598,1,225000,0.45161290322580644,0.856578947368421,0.9759881289626331
0.4,0.22412280701754383,0.0,2,1982,0.2938470385278896,4,1,0.6,0.3828589909443726,0,129500,0.21774193548387097,0.22412280701754383,0.43083097261567516
0.7,0.6070175438596491,0.5170701427684667,2,1998,0.3168487636572743,7,0,0.5,0.5472833117723157,1,185000,0.08870967741935484,0.6070175438596491,0.5922028868204505
0.5,0.32982456140350874,0.0,2,1954,0.43243243243243246,6,1,0.7,0.5510996119016818,0,144900,0.4435483870967742,0.32982456140350874,0.28800755429650604
0.3,0.5574561403508772,0.4748603351955307,1,1915,0.2909718228867165,8,0,0.6,0.26584734799482534,0,107400,0.7580645161290323,0.5574561403508772,0.3806657223796034
0.4,0.2710526315789474,0.0,1,1956,0.3553766532489937,4,0,0.7,0.4395213454075032,0,135750,0.4274193548387097,0.2710526315789474,0.5571293673276676
0.5,0.41710526315789476,0.13221601489757914,1,1948,0.4243818286371478,6,1,0.5,0.4498706338939198,0,127000,0.49193548387096775,0.41710526315789476,0.4446018256216555
0.4,0.6289473684210526,0.0,0,1968,0.8246118458884416,8,0,0.5,0.5884864165588616,0,136500,0.33064516129032256,0.6289473684210526,0.47686496694995273
0.5,0.3929824561403509,0.34016139044072,2,1910,0.20011500862564693,5,0,0.6,0.5666235446313066,0,110000,0.7983870967741935,0.3929824561403509,0.5949008498583568
0.6,0.7929824561403509,0.595903165735568,1,1968,0.4876365727429558,8,0,0.6,0.7322121604139715,1,193500,0.33064516129032256,0.7929824561403509,0.6975920679886685
0.6,0.43991228070175437,0.0,2,1998,0.5767682576193215,5,1,0.5,0.18240620957309184,0,153500,0.08870967741935484,0.43991228070175437,0.6959395656279508
0.8,0.5390350877192982,0.0,3,2007,0.706728004600345,6,0,0.5,0.5514877102199224,1,245000,0.016129032258064516,0.5390350877192982,0.6633616619452314
0.5,0.3206140350877193,0.0,2,1960,0.4203565267395055,6,0,0.5,0.46649417852522646,0,126500,0.3951612903225806,0.3206140350877193,0.2714825306893295
0.7,0.5,0.4158907510862818,2,1995,0.2702702702702703,7,0,0.5,0.44307891332470895,1,168500,0.11290322580645162,0.5,0.4276271415081614
0.8,0.9135964912280702,0.6927374301675978,2,1991,0.5560667050028753,9,0,0.5,0.9300776196636481,1,260000,0.14516129032258066,0.9135964912280702,0.7013954464379393
0.6,0.537719298245614,0.5437616387337058,2,2005,0.20126509488211616,6,0,0.5,0.6617723156532989,1,174000,0.03225806451612903,0.537719298245614,0.6610009442870632
0.6,0.39035087719298245,0.37988826815642457,2,2009,0.15986198964922368,4,0,0.5,0.14689521345407502,0,164500,0.0,0.39035087719298245,0.8781869688385269
0.3,0.5228070175438596,0.0,0,1915,0.39045428407130534,6,0,0.2,0.4391979301423027,0,85000,0.7580645161290323,0.29780701754385963,0.23056342461441615
0.4,0.28771929824561404,0.0,0,1994,0.3772282921219092,5,1,0.5,0.4133247089262614,0,123600,0.12096774193548387,0.28771929824561404,0.3682719546742209
0.4,0.30964912280701756,0.0,2,1950,0.40598044853364,4,0,0.5,0.3570504527813713,0,109900,0.47580645161290325,0.30964912280701756,0.6610009442870632
0.5,0.3951754385964912,0.0,2,1961,0.5181138585393905,6,0,0.3,0.4411384217335058,0,98600,0.3870967741935484,0.3951754385964912,0.4052565313188543
0.5,0.2763157894736842,0.0,2,1921,0.3622771707878091,5,1,0.7,0.7554980595084089,0,163500,0.7096774193548387,0.2763157894736842,0.34372049102927293
0.6,0.8583333333333333,0.6399751707014277,2,1910,0.5324899367452559,9,0,0.6,0.3570504527813713,1,133900,0.7983870967741935,0.8583333333333333,0.6352953520092328
0.6,0.6368421052631579,0.5468653010552452,2,1997,0.32834962622196673,7,1,0.5,0.49527813712807245,0,204750,0.0967741935483871,0.6368421052631579,0.6380682584648589
0.6,0.4982456140350877,0.4903786468032278,2,1993,0.1989649223691777,6,0,0.8,0.5229624838292367,1,185000,0.12903225806451613,0.4982456140350877,0.5901794145420207
0.7,0.55,0.0,2,1999,0.7211040828062105,6,0,0.5,0.5552393272962484,0,214000,0.08064516129032259,0.55,0.683034309096632
0.4,0.27456140350877195,0.0,1,1965,0.3599769982748706,6,1,0.5,0.5977360931435964,0,94750,0.3548387096774194,0.27456140350877195,0.18885741265344658
0.5,0.21973684210526317,0.0,1,1920,0.2880966072455434,5,0,0.5,0.5785899094437258,0,83000,0.717741935483871,0.21973684210526317,0.2219074598677998
0.4,0.3907894736842106,0.0,0,1959,0.5123634272570443,6,1,0.5,0.4941785252263907,0,128950,0.4032258064516129,0.3907894736842106,0.39738747245829387
0.6,0.5596491228070175,0.0,2,1977,0.7337550316273721,6,1,0.7,0.5771668822768435,2,205000,0.25806451612903225,0.5596491228070175,0.7003462385898644
0.6,0.6131578947368421,0.4686530105524519,2,1985,0.3697527314548592,7,0,0.5,0.4868046571798189,1,178000,0.1935483870967742,0.6131578947368421,0.6016457574531229
0.5,0.5267543859649123,0.0,2,1979,0.6906267970097758,8,0,0.5,0.3452781371280725,0,118964,0.24193548387096775,0.5267543859649123,0.3393531633616619
0.7,0.3912280701754386,0.0,3,2009,0.512938470385279,6,0,0.5,0.5641655886157827,0,198900,0.0,0.3912280701754386,0.39817437834435
0.7,0.6508771929824562,0.3674736188702669,1,1931,0.512938470385279,7,0,0.4,0.3931435963777491,2,169500,0.6290322580645161,0.6508771929824562,0.6596519627681101
0.8,0.7271929824561404,0.5828677839851024,2,2003,0.41345600920069014,9,0,0.5,0.49773609314359635,1,250000,0.04838709677419355,0.7271929824561404,0.47843877872206475
0.4,0.312719298245614,0.0,1,1885,0.4100057504312824,6,0,0.7,0.5899094437257438,0,100000,1.0,0.312719298245614,0.25731822474032107
0.5,0.19956140350877194,0.0,1,1948,0.261644623346751,5,0,0.5,0.2794307891332471,0,115000,0.49193548387096775,0.19956140350877194,0.17847025495750712
0.5,0.518859649122807,0.3227808814400993,0,1919,0.3812535940195515,7,0,0.7,0.4411384217335058,0,115000,0.7258064516129032,0.518859649122807,0.4566302441656549
0.6,0.6622807017543859,0.0,2,1977,0.8683151236342727,7,0,0.6,0.6514230271668823,1,190000,0.25806451612903225,0.6622807017543859,0.6771887225145015
0.6,0.6671052631578948,0.3966480446927374,1,1954,0.5071880391029328,7,0,0.4,0.5074385510996119,0,136900,0.4435483870967742,0.6671052631578948,0.684608120868744
0.7,0.48070175438596496,0.40720049658597146,2,2000,0.2530189764232318,7,0,0.5,0.3926261319534282,1,180000,0.07258064516129031,0.48070175438596496,0.3979495480911911
0.6,0.8710526315789474,0.5487274984481688,1,1945,0.6336975273145486,9,1,0.8,0.3608667529107374,1,259500,0.5161290322580645,0.8710526315789474,0.6505088658063161
0.6,0.49298245614035086,0.45251396648044695,2,1999,0.22714203565267396,5,0,0.5,0.10025873221216042,1,176000,0.08064516129032259,0.49298245614035086,0.8101983002832862
0.5,0.33245614035087717,0.0,1,1962,0.4358826912018402,6,0,0.5,0.6426908150064683,1,139000,0.3790322580645161,0.33245614035087717,0.2927289896128422
0.5,0.34692982456140353,0.0,2,2006,0.4548591144335825,5,0,0.5,0.44346701164294955,0,155000,0.024193548387096774,0.34692982456140353,0.49575070821529743
0.6,0.4921052631578947,0.45189323401613907,2,2005,0.22656699252443932,8,0,0.5,0.43861578266494183,1,163990,0.03225806451612903,0.4921052631578947,0.2927289896128422
0.4,0.3460526315789474,0.21787709497206703,1,1939,0.2518688901667625,4,0,0.5,0.2833117723156533,0,100000,0.564516129032258,0.3460526315789474,0.7589707271010386
0.6,0.32719298245614037,0.0,1,1958,0.4289821736630247,5,0,0.7,0.5034928848641657,0,136000,0.41129032258064513,0.32719298245614037,0.45325779036827196
0.6,0.3793859649122807,0.0,2,1993,0.4974123059229443,5,0,0.5,0.4018111254851229,0,153900,0.12903225806451613,0.3793859649122807,0.5656279508970727
0.6,0.5491228070175439,0.0,2,1979,0.7199539965497412,7,0,0.5,0.99372574385511,1,181000,0.24193548387096775,0.5491228070175439,0.50317010656954
0.6,0.2736842105263158,0.0,2,1976,0.35882691201840144,5,0,0.5,0.21009055627425616,1,128000,0.2661290322580645,0.2736842105263158,0.33805476864966943
0.5,0.22192982456140348,0.0,0,1930,0.2909718228867165,5,0,0.7,0.17516170763260025,1,87000,0.6370967741935484,0.22192982456140348,0.22662889518413598
0.6,0.4447368421052632,0.4270639354438237,2,1966,0.18746405980448536,6,0,0.5,0.3822768434670117,1,155000,0.3467741935483871,0.4447368421052632,0.4941768964431852
0.5,0.31535087719298244,0.0,2,1958,0.41345600920069014,6,0,0.7,0.4717335058214748,0,150000,0.41129032258064513,0.31535087719298244,0.26203966005665713
0.7,0.7995614035087719,0.5841092489137182,2,1966,0.5071880391029328,8,0,0.6,0.8098318240620958,2,226000,0.3467741935483871,0.7995614035087719,0.7064447592067988
0.6,0.7543859649122807,0.6405959031657356,2,2000,0.3956296722254169,7,1,0.5,0.6820181112548512,1,244000,0.07258064516129031,0.7543859649122807,0.8188317820045865
0.5,0.43552631578947365,0.0,2,1959,0.5710178263369753,7,1,0.6,0.36921086675291076,0,150750,0.4032258064516129,0.43552631578947365,0.3284769998651018
0.8,0.4219298245614035,0.0,2,2001,0.5531914893617021,6,1,0.5,0.3346054333764554,0,220000,0.06451612903225806,0.4219298245614035,0.45325779036827196
0.5,0.6083333333333333,0.0,2,1968,0.7975848188614146,7,0,0.6,0.5598318240620958,1,180000,0.33064516129032256,0.6083333333333333,0.5942263590988803
0.7,0.5912280701754385,0.0,2,1970,0.7751581368602646,7,0,0.6,0.5640362225097025,1,174000,0.31451612903225806,0.5912280701754385,0.5679212194792931
0.5,0.38596491228070173,0.0,1,1967,0.5060379528464636,5,0,0.5,0.5611254851228978,1,143000,0.3387096774193548,0.38596491228070173,0.5797922568460812
0.7,0.7127192982456141,0.0,3,1988,0.9344450833812535,9,0,0.5,0.6073738680465718,0,171000,0.16935483870967744,0.7127192982456141,0.46112684922883207
0.8,0.6657894736842105,0.526381129733085,3,1999,0.3852788959171938,7,0,0.5,0.4777490297542044,2,230000,0.08064516129032259,0.6657894736842105,0.6825846485903142
0.6,0.6271929824561403,0.5189323401613904,2,1997,0.34157561817136284,7,1,0.5,0.8891332470892627,0,231500,0.0967741935483871,0.6271929824561403,0.6232294617563738
0.4,0.2324561403508772,0.0,0,1971,0.3047728579643474,5,0,0.5,0.5705045278137129,1,115000,0.3064516129032258,0.2324561403508772,0.24929178470254953
0.7,0.6140350877192983,0.0,2,2005,0.8050603795284647,7,1,0.5,0.6445666235446313,0,260000,0.03225806451612903,0.6140350877192983,0.602994738972076
0.5,0.4609649122807018,0.2948479205462446,2,1952,0.3312248418631397,6,0,0.4,0.4424320827943079,0,166000,0.4596774193548387,0.4609649122807018,0.5232924142272584
0.7,0.5118421052631579,0.0,2,1999,0.6710753306497987,6,1,0.5,0.5598318240620958,0,204000,0.08064516129032259,0.5118421052631579,0.6145734970097576
0.5,0.6114035087719298,0.0,2,1963,0.801610120759057,10,1,0.5,0.479948253557568,0,125000,0.3709677419354839,0.6114035087719298,0.24929178470254953
0.6,0.6030701754385965,0.4587212911235258,2,2004,0.3657274295572168,7,0,0.5,0.054463130659767156,0,130000,0.04032258064516129,0.6030701754385965,0.5861324699851611
0.5,0.23728070175438598,0.0,1,1931,0.3110983323749281,5,1,0.7,0.2871927554980595,0,105000,0.6290322580645161,0.23728070175438598,0.2596789423984891
0.7,0.7460526315789474,0.7144630664183736,2,2001,0.3162737205290397,8,0,0.5,0.5061448900388098,1,222500,0.06451612903225806,0.7460526315789474,0.6344428706326724
0.7,0.32719298245614037,0.0,0,2004,0.4289821736630247,6,1,0.5,0.37645536869340235,0,141000,0.04032258064516129,0.32719298245614037,0.28328611898017
0.5,0.4429824561403509,0.2780881440099317,1,1936,0.32317423806785517,7,0,0.4,0.2949547218628719,0,115000,0.5887096774193549,0.4429824561403509,0.33994334277620397
0.5,0.27850877192982454,0.0,2,1975,0.3651523864289822,5,0,0.6,0.5611901681759379,0,122000,0.27419354838709675,0.27850877192982454,0.3484419263456091
0.6,0.7276315789473684,0.5561762880198634,2,1971,0.4387579068430133,8,0,0.5,0.8488357050452782,1,190000,0.3064516129032258,0.7276315789473684,0.6096553352219074
0.6,0.40263157894736845,0.0,2,1960,0.527889591719379,4,1,0.7,0.7645536869340234,1,235000,0.3951612903225806,0.40263157894736845,0.91123701605288
0.6,0.37982456140350873,0.0,1,1923,0.4979873490511789,7,0,0.5,0.6248382923673997,0,125000,0.6935483870967741,0.37982456140350873,0.2428166734115742
0.6,0.33421052631578946,0.32526381129733084,0,1924,0.136860264519839,5,0,0.5,0.5122897800776197,0,79000,0.6854838709677419,0.33421052631578946,0.4683663833805476
0.5,0.30964912280701756,0.0,2,1950,0.40598044853364,5,0,0.7,0.3570504527813713,0,109500,0.47580645161290325,0.30964912280701756,0.41548630783758256
0.8,0.7166666666666667,0.7411545623836127,3,2009,0.2530189764232318,8,0,0.5,0.6677231565329884,1,269500,0.0,0.7166666666666667,0.5949008498583568
0.7,0.7074561403508772,0.5934202358783365,2,2004,0.37780333525014376,8,0,0.5,0.7032341526520052,1,254900,0.04032258064516129,0.7074561403508772,0.5825070821529745
0.6,0.393859649122807,0.0,2,1984,0.5163887291546866,6,0,0.6,0.610608020698577,0,162500,0.20161290322580644,0.393859649122807,0.40289581366068616
0.7,0.5293859649122807,0.0,2,2005,0.6940770557791834,7,0,0.5,0.6793014230271669,1,220000,0.03225806451612903,0.5293859649122807,0.4728180223930931
0.4,0.24035087719298243,0.0,0,1956,0.3151236342725705,4,0,0.6,0.24708926261319536,0,103200,0.4274193548387097,0.24035087719298243,0.4745042492917846
0.6,0.5622807017543859,0.2898820608317815,1,1926,0.4686601495112134,5,0,0.7,0.24062095730918498,0,152000,0.6693548387096774,0.5622807017543859,0.9593956562795087
0.5,0.44780701754385965,0.33954065797641214,0,1940,0.27257044278320874,6,1,0.7,0.545019404915912,0,127500,0.5564516129032258,0.44780701754385965,0.4996852376455776
0.5,0.6723684210526316,0.0,1,1955,0.8815411155836689,7,1,0.5,0.5839586028460544,3,190000,0.43548387096774194,0.6723684210526316,0.6927020099824632
0.7,0.6078947368421053,0.5462445685909373,2,2004,0.2909718228867165,7,0,0.5,0.42457956015523934,1,183500,0.04032258064516129,0.6078947368421053,0.5935518683394037
0.8,0.6021929824561404,0.0,2,1981,0.78953421506613,6,0,0.6,0.9695342820181113,1,228000,0.22580645161290322,0.6021929824561404,0.7766761095372994
0.5,0.45964912280701753,0.0,2,1941,0.2990224266820012,7,0,0.6,0.6906856403622251,0,128500,0.5483870967741935,0.22807017543859648,0.009442870632672351
0.6,0.4508771929824561,0.0,2,1961,0.5911443358251869,6,1,0.5,0.5509055627425614,1,163000,0.3870967741935484,0.4508771929824561,0.5051935788479698
0.6,0.5776315789473684,0.0,2,1986,0.7573317998849914,7,1,0.5,0.6944372574385511,1,184000,0.18548387096774194,0.5776315789473684,0.5470120059355186
0.6,0.7570175438596491,0.5561762880198634,2,1988,0.4772857964347327,8,0,0.5,0.5400388098318241,1,211000,0.16935483870967744,0.7570175438596491,0.6491973559962227
0.5,0.6956140350877194,0.41464928615766605,2,1958,0.527889591719379,8,1,0.5,0.7742561448900388,1,172500,0.41129032258064513,0.6956140350877194,0.56657223796034
0.5,0.27807017543859647,0.0,2,1923,0.36457734330074765,5,0,0.6,0.4424320827943079,0,100000,0.6935483870967741,0.27807017543859647,0.3474976392823418
0.6,0.5223684210526316,0.4692737430167598,2,2000,0.2501437607820587,5,0,0.5,0.028266494178525226,1,177000,0.07258064516129031,0.5223684210526316,0.8734655335221906
0.7,0.643859649122807,0.5592799503414029,1,1920,0.32604945370902827,9,0,0.6,0.38214747736093146,1,200100,0.717741935483871,0.643859649122807,0.378764033154968
0.5,0.44122807017543864,0.0,1,1957,0.5784933870040253,7,0,0.6,0.4773609314359638,1,120000,0.41935483870967744,0.44122807017543864,0.3372453797382975
0.5,0.40263157894736845,0.1961514587212911,2,1908,0.34617596319723987,5,0,0.8,0.3724450194049159,0,127000,0.814516129032258,0.40263157894736845,0.6156751652502361
0.7,0.387280701754386,0.0,2,1990,0.5077630822311674,6,1,0.5,0.5347347994825355,0,173000,0.1532258064516129,0.387280701754386,0.3910922253698458
0.5,0.5798245614035088,0.43699565487274983,1,1916,0.27257044278320874,8,0,0.7,0.5646830530401035,0,135000,0.75,0.5166666666666667,0.32577903682719545
0.5,0.39035087719298245,0.0,2,1979,0.5117883841288097,6,2,0.5,0.3452781371280725,2,153337,0.24193548387096775,0.39035087719298245,0.39660056657223786
0.8,0.5521929824561403,0.0,2,2001,0.7239792984473836,5,1,0.5,0.20976714100905564,1,286000,0.06451612903225806,0.5521929824561403,0.9376770538243626
0.7,0.5021929824561403,0.468032278088144,2,1972,0.2248418631397355,7,1,0.9,0.37464424320827944,0,184000,0.29838709677419356,0.5021929824561403,0.4309995953055442
0.7,0.481140350877193,0.0,2,1999,0.6308223116733755,6,1,0.5,0.4745795601552394,0,192000,0.08064516129032259,0.481140350877193,0.5594900849858357
0.7,0.6030701754385965,0.4587212911235258,2,2004,0.3657274295572168,7,0,0.5,0.054463130659767156,0,130000,0.04032258064516129,0.6030701754385965,0.5861324699851611
0.5,0.2324561403508772,0.0,1,1972,0.3047728579643474,5,0,0.7,0.35575679172056923,0,127000,0.29838709677419356,0.2324561403508772,0.24929178470254953
0.6,0.4921052631578947,0.37306021104903786,2,1976,0.29959746981023583,7,0,0.6,0.038809831824062085,1,148500,0.2661290322580645,0.4921052631578947,0.41548630783758256
0.6,0.831140350877193,0.5766604593420236,0,1912,0.3421506612995975,8,0,0.6,0.24838292367399745,0,104000,0.782258064516129,0.6684210526315789,0.5299811142587345
0.8,0.6048245614035088,0.0,3,2004,0.7929844738355377,7,1,0.5,0.5117076326002588,1,274900,0.04032258064516129,0.6048245614035088,0.5888304330230676
0.4,0.34517543859649125,0.0,2,2003,0.45255894192064405,5,0,0.5,0.4441138421733506,0,140000,0.04838709677419355,0.34517543859649125,0.49197355996222836
0.6,0.4144736842105263,0.0,2,1977,0.5434157561817137,6,0,0.6,0.5462483829236741,2,171500,0.25806451612903225,0.4144736842105263,0.43988039030531945
0.6,0.4280701754385965,0.27622594661700806,1,1924,0.3053479010925819,6,0,0.6,0.3441138421733506,0,112000,0.6854838709677419,0.4280701754385965,0.46427447277305633
0.6,0.22543859649122805,0.0,2,2004,0.29557216791259344,3,1,0.5,0.17839586028460547,1,149000,0.04032258064516129,0.22543859649122805,0.7680201447906831
0.5,0.41666666666666663,0.3500931098696462,1,1947,0.2219666474985624,5,0,0.7,0.11772315653298837,0,110000,0.5,0.41666666666666663,0.6458923512747876
0.7,0.4859649122807017,0.0,2,1990,0.6371477860839564,5,0,0.5,0.6578913324708926,0,180500,0.1532258064516129,0.4859649122807017,0.7950897072710101
0.5,0.5973684210526315,0.0,1,1962,0.7832087406555492,8,0,0.5,0.7757438551099612,1,143900,0.3790322580645161,0.5973684210526315,0.43437204910292726
0.4,0.33596491228070174,0.0,1,1960,0.4404830362277171,6,1,0.5,0.6994178525226391,1,141000,0.3951612903225806,0.33596491228070174,0.2990242367012905
0.7,0.7578947368421053,0.547486033519553,2,1988,0.4864864864864865,7,1,0.5,0.8204398447606728,1,277000,0.16935483870967744,0.7578947368421053,0.8242277080803992
0.6,0.33245614035087717,0.0,2,1964,0.4358826912018402,6,1,0.7,0.42496765847347995,0,145000,0.3629032258064516,0.33245614035087717,0.2927289896128422
0.5,0.2324561403508772,0.0,0,1925,0.3047728579643474,5,1,0.6,0.2538163001293661,0,98000,0.6774193548387096,0.2324561403508772,0.24929178470254953
0.6,0.3850877192982456,0.0,2,2009,0.5048878665899943,6,0,0.5,0.5653298835705045,0,186000,0.0,0.3850877192982456,0.3871576959395656
0.7,0.6657894736842105,0.5710738671632526,2,2009,0.3438757906843014,7,1,0.5,0.4501940491591203,1,252678,0.0,0.6657894736842105,0.6825846485903142
0.5,0.28771929824561404,0.0,2,1995,0.3772282921219092,5,0,0.5,0.7689521345407504,0,156000,0.11290322580645162,0.28771929824561404,0.3682719546742209
0.6,0.46403508771929824,0.43637492240844195,1,1977,0.20414031052328926,6,0,0.7,0.5963777490297543,0,161750,0.25806451612903225,0.46403508771929824,0.5288007554296505
0.5,0.3956140350877193,0.0,1,1957,0.5186889016676252,6,0,0.6,0.5388745148771023,1,134450,0.41935483870967744,0.3956140350877193,0.4060434372049102
0.7,0.4833333333333333,0.0,2,2004,0.6336975273145486,8,1,0.5,0.4379042690815007,0,210000,0.04032258064516129,0.4833333333333333,0.28092540132200183
0.4,0.4359649122807018,0.32153941651148354,1,1925,0.27372052903967803,8,0,0.4,0.5320827943078914,0,107000,0.6774193548387096,0.4359649122807018,0.21718602455146363
0.7,0.40087719298245617,0.0,2,2005,0.5255894192064405,5,0,0.5,0.08602846054333765,0,167240,0.03225806451612903,0.40087719298245617,0.6118980169971671
0.7,0.5105263157894737,0.0,2,2006,0.6693502012650949,5,0,0.5,0.4728331177231565,0,204900,0.024193548387096774,0.5105263157894737,0.8479697828139754
0.6,0.8478070175438597,0.7802607076350093,2,2002,0.3887291546866015,8,0,0.5,0.4131953428201811,1,200000,0.056451612903225805,0.8478070175438597,0.7713644948064211
0.6,0.5342105263157895,0.45996275605214154,2,1975,0.27429557216791256,6,1,0.6,0.6335705045278137,1,179900,0.27419354838709675,0.5342105263157895,0.6547056971986152
0.4,0.2324561403508772,0.0,2,1971,0.3047728579643474,4,0,0.6,0.5705045278137129,0,97000,0.3064516129032258,0.2324561403508772,0.45325779036827196
0.5,0.4245614035087719,0.4171322160148976,1,1971,0.1702127659574468,6,0,0.5,0.0,0,112000,0.3064516129032258,0.4245614035087719,0.457979225684608
0.7,0.9587719298245615,0.8106765983860956,3,1995,0.5060379528464636,9,0,0.5,0.5349288486416559,1,290000,0.11290322580645162,0.9587719298245615,0.7554296506137865
0.6,0.2864035087719298,0.3128491620111732,1,1970,0.08568142610695803,5,0,0.6,0.012225097024579565,0,106000,0.31451612903225806,0.2864035087719298,0.3654390934844193
0.5,0.2535087719298246,0.0,1,1967,0.332374928119609,5,0,0.5,0.442496765847348,1,125000,0.3387096774193548,0.2535087719298246,0.29461756373937675
0.7,0.5355263157894737,0.0,2,2005,0.7021276595744681,7,0,0.5,0.09715394566623545,1,192500,0.03225806451612903,0.5355263157894737,0.48226089302576547
0.6,0.3771929824561403,0.0,1,1959,0.4945370902817712,6,1,0.6,0.4579560155239327,0,148000,0.4032258064516129,0.3771929824561403,0.3729933899905571
0.6,0.2864035087719298,0.3128491620111732,1,1972,0.08568142610695803,5,0,0.5,0.0,1,94500,0.29838709677419356,0.2864035087719298,0.3654390934844193
0.5,0.24561403508771928,0.0,1,1976,0.3220241518113859,5,1,0.6,0.5802069857697284,0,128200,0.2661290322580645,0.24561403508771928,0.2776203966005666
0.6,0.7131578947368421,0.6828057107386716,2,2002,0.3024726854514088,8,1,0.5,0.3991591203104786,2,216500,0.056451612903225805,0.7131578947368421,0.5901794145420207
0.6,0.2864035087719298,0.3128491620111732,1,1971,0.08568142610695803,5,0,0.3,0.0,0,89500,0.3064516129032258,0.2864035087719298,0.3654390934844193
0.7,0.4736842105263158,0.0,2,2004,0.6210465784933871,6,0,0.5,0.4587968952134541,0,185500,0.04032258064516129,0.4736842105263158,0.5461126849228832
0.7,0.618421052631579,0.45313469894475483,2,1993,0.39102932719954,7,0,0.7,0.5027813712807244,0,194500,0.12903225806451613,0.618421052631579,0.6097396465668419
0.6,0.5057017543859649,0.4276846679081316,1,1945,0.26682001150086254,7,0,0.4,0.45672703751617083,1,113000,0.5161290322580645,0.5057017543859649,0.43639552138135707
0.8,0.5403508771929825,0.0,2,2008,0.7084531339850489,7,1,0.5,0.47347994825355755,0,262500,0.008064516129032258,0.5403508771929825,0.489680291380008
0.5,0.23333333333333334,0.0,0,1945,0.30592294422081656,4,0,0.9,0.1423027166882277,0,110500,0.5161290322580645,0.23333333333333334,0.4556185080264399
0.5,0.48508771929824557,0.34202358783364367,1,1900,0.3191489361702128,6,0,0.4,0.21474773609314363,0,79000,0.8790322580645161,0.48508771929824557,0.56657223796034
0.6,0.387280701754386,0.36685288640595903,1,1980,0.16791259344450835,6,0,0.6,0.5874514877102199,1,120000,0.2338709677419355,0.387280701754386,0.3910922253698458
0.7,0.7789473684210526,0.5512104283054003,2,1994,0.5106382978723405,8,1,0.5,0.46571798188874514,2,205000,0.12096774193548387,0.7789473684210526,0.6787063267233238
0.7,0.6745614035087719,0.0,2,1988,0.884416331224842,6,0,0.5,0.5640362225097025,1,241500,0.16935483870967744,0.6745614035087719,0.9065155807365439
0.6,0.6991228070175438,0.633147113594041,1,1910,0.33007475560667054,9,0,0.8,0.4826649417852523,0,137000,0.7983870967741935,0.6991228070175438,0.4448641275836742
0.6,0.4565789473684211,0.0,2,1954,0.598619896492237,5,0,0.5,0.6228978007761966,1,140000,0.4435483870967742,0.4565789473684211,0.7318224740321058
0.7,0.5850877192982457,0.5139664804469274,2,2003,0.2909718228867165,8,0,0.5,0.6233505821474774,0,180000,0.04838709677419355,0.5850877192982457,0.4178470254957507
0.3,0.4263157894736842,0.0,0,1940,0.5589419206440484,6,0,0.2,0.23738680465717982,0,76500,0.5564516129032258,0.4263157894736842,0.46112684922883207
0.8,0.5662280701754386,0.0,2,2006,0.7423806785508914,5,1,0.5,0.1985769728331177,1,235000,0.024193548387096774,0.5662280701754386,0.9678942398489141
0.6,0.5728070175438597,0.5226567349472377,2,2004,0.26682001150086254,6,0,0.5,0.4324708926261319,0,173000,0.04032258064516129,0.5728070175438597,0.7239534151715454
0.6,0.4245614035087719,0.0,1,1964,0.5566417481311099,7,0,0.7,0.49611901681759385,0,158000,0.3629032258064516,0.4245614035087719,0.3116147308781869
0.5,0.4298245614035088,0.0,1,1957,0.5635422656699253,5,1,0.6,0.4346701164294955,0,145000,0.41935483870967744,0.4298245614035088,0.6742209631728044
0.7,0.8583333333333333,0.798261949099938,2,1999,0.3858539390454284,8,0,0.5,0.4565329883570505,1,230000,0.08064516129032259,0.8583333333333333,0.7855288007554295
0.6,0.6114035087719298,0.5363128491620112,2,2003,0.3047728579643474,7,0,0.5,0.45996119016817594,0,207500,0.04838709677419355,0.6114035087719298,0.5989477944152164
0.7,0.5570175438596491,0.0,2,2006,0.7303047728579644,8,1,0.5,0.4614489003880984,1,220000,0.024193548387096774,0.5570175438596491,0.3800755429650613
0.7,0.6394736842105263,0.5145872129112352,2,2001,0.36170212765957455,7,0,0.5,0.6956662354463131,1,231500,0.06451612903225806,0.6394736842105263,0.6421152030217185
0.5,0.24035087719298243,0.0,1,1956,0.3151236342725705,4,0,0.5,0.7129366106080207,0,97000,0.4274193548387097,0.24035087719298243,0.4745042492917846
0.8,0.9824561403508772,0.6778398510242085,3,2007,0.6601495112133411,10,0,0.5,0.5115135834411384,1,276000,0.016129032258064516,0.9824561403508772,0.648725212464589
0.6,0.3850877192982456,0.0,2,1977,0.5048878665899943,6,1,0.7,0.4392626131953429,1,151000,0.25806451612903225,0.3850877192982456,0.3871576959395656
0.5,0.4307017543859649,0.0,2,1929,0.34042553191489366,6,1,0.7,0.24708926261319536,0,130000,0.6451612903225806,0.2596491228070175,0.16210261252754166
0.5,0.18859649122807015,0.0,2,1925,0.24726854514088556,4,0,0.5,0.22975420439844763,0,73000,0.6774193548387096,0.18859649122807015,0.3352219074598678
0.6,0.4771929824561404,0.0,2,1981,0.625646923519264,7,0,0.6,0.6733505821474773,1,175500,0.22580645161290322,0.4771929824561404,0.39255362201537836
0.6,0.5162280701754386,0.44009931719428924,2,1997,0.269120184013801,8,1,0.5,0.616235446313066,1,185000,0.0967741935483871,0.5162280701754386,0.32518885741265335
0.5,0.8149122807017544,0.44692737430167595,1,1939,0.4128809660724555,8,0,0.8,0.4346701164294955,1,179500,0.564516129032258,0.6307017543859649,0.47922568460812087
0.5,0.19473684210526315,0.0,1,1940,0.25531914893617025,4,0,0.6,0.33764553686934023,1,120500,0.5564516129032258,0.19473684210526315,0.35174693106704435
0.6,0.3416666666666667,0.0,1,1976,0.44795859689476714,6,1,0.7,0.4034282018111255,1,148000,0.2661290322580645,0.3416666666666667,0.3092540132200189
0.8,0.7039473684210527,0.5238981998758535,3,2006,0.437607820586544,8,0,0.5,0.5852522639068565,1,266000,0.024193548387096774,0.7039473684210527,0.5777856468366382
0.8,0.8491228070175438,0.6865301055245189,3,1999,0.4772857964347327,9,0,0.7,0.6522639068564037,1,290000,0.08064516129032259,0.8491228070175438,0.6242786696044487
0.6,0.5692982456140351,0.0,1,1958,0.7464059804485337,6,1,0.6,0.5122897800776197,1,139000,0.41129032258064513,0.5692982456140351,0.7176581680830971
0.5,0.21140350877192982,0.0,1,1982,0.27717078780908566,5,0,0.7,0.42910737386804654,0,124500,0.21774193548387097,0.21140350877192982,0.20396600566572232
0.7,0.5324561403508772,0.36995654872749845,2,1925,0.3553766532489937,5,0,0.7,0.3611901681759379,0,205000,0.6774193548387096,0.5324561403508772,0.8951841359773371
0.7,0.537719298245614,0.0,2,2003,0.7050028752156412,7,0,0.5,0.48615782664941787,0,201000,0.04838709677419355,0.537719298245614,0.4856333468231484
0.7,0.7403508771929824,0.5375543140906269,2,1977,0.47268545140885565,8,0,0.5,0.5384864165588616,1,192000,0.25806451612903225,0.7403508771929824,0.6267705382436259
0.7,0.7228070175438597,0.5009310986964618,2,1989,0.4836112708453134,7,0,0.6,0.6214100905562743,1,228500,0.16129032258064516,0.7228070175438597,0.7702684473222716
0.6,0.40701754385964917,0.0,2,2006,0.5336400230017252,5,0,0.5,0.3570504527813713,0,185000,0.024193548387096774,0.40701754385964917,0.6251180358829083
0.7,0.4298245614035088,0.0,2,2007,0.5635422656699253,6,1,0.5,0.21882276843467013,1,207500,0.016129032258064516,0.4298245614035088,0.4674220963172804
0.8,0.49736842105263157,0.0,3,2008,0.6520989074180564,6,0,0.5,0.5130659767141009,1,244600,0.008064516129032258,0.49736842105263157,0.5886056027699087
0.6,0.5442982456140351,0.0,2,1992,0.7136285221391605,5,1,0.5,0.4095730918499353,0,179200,0.13709677419354838,0.5442982456140351,0.9206798866855523
0.7,0.4017543859649123,0.38795779019242704,2,2006,0.1673375503162737,5,0,0.5,0.1663001293661061,0,164700,0.024193548387096774,0.4017543859649123,0.6137865911237015
0.6,0.6140350877192983,0.4028553693358163,2,1962,0.4318573893041978,7,0,0.7,0.5243208279430789,1,159000,0.3790322580645161,0.6140350877192983,0.602994738972076
0.4,0.22982456140350876,0.0,0,1971,0.30132259919493964,5,0,0.4,0.416882276843467,0,88000,0.3064516129032258,0.22982456140350876,0.24362606232294615
0.5,0.2482456140350877,0.0,1,1967,0.3254744105807936,5,0,0.5,0.5264553686934024,0,122000,0.3387096774193548,0.2482456140350877,0.28328611898017
0.6,0.46578947368421053,0.43327126008690253,1,1915,0.20931569867740082,7,0,0.7,0.4560155239327296,0,153575,0.7580645161290323,0.46578947368421053,0.3750168622689868
0.8,0.6951754385964912,0.521415270018622,2,2006,0.4284071305347902,8,0,0.5,0.9010996119016818,1,233230,0.024193548387096774,0.6951754385964912,0.565982058545798
0.5,0.606140350877193,0.48417132216014896,0,1912,0.34617596319723987,9,1,0.6,0.2591849935316947,0,135900,0.782258064516129,0.606140350877193,0.33364809568775566
0.5,0.606140350877193,0.35257603972687773,1,1949,0.46808510638297873,8,0,0.4,0.629301423027167,1,131000,0.4838709677419355,0.606140350877193,0.44617563739376775
0.7,0.8460526315789474,0.4934823091247672,2,1977,0.6520989074180564,9,1,0.7,0.9688874514877103,1,235000,0.25806451612903225,0.8460526315789474,0.6206064421361872
0.6,0.5745614035087719,0.0,2,1953,0.753306497987349,7,1,0.5,0.5122897800776197,2,167000,0.45161290322580644,0.5745614035087719,0.5422905706191825
0.6,0.29342105263157897,0.0,2,1984,0.38470385278895924,6,1,0.6,0.4047218628719276,0,142500,0.20161290322580644,0.29342105263157897,0.2226943657538557
0.5,0.5368421052631579,0.4022346368715084,1,1950,0.3312248418631397,6,0,0.5,0.7781371280724451,0,152000,0.47580645161290325,0.5368421052631579,0.6594271325149512
0.7,0.7087719298245614,0.6052141527001862,2,1997,0.3686026451983899,7,0,0.5,0.3699223803363519,1,239000,0.0967741935483871,0.7087719298245614,0.7486847430190204
0.6,0.6179824561403509,0.43575418994413406,2,1968,0.40655549166187466,7,0,0.6,0.648124191461837,1,175000,0.33064516129032256,0.6179824561403509,0.6090651558073654
0.6,0.3587719298245614,0.0,1,1950,0.4703852788959172,6,0,0.8,0.7968952134540751,1,158500,0.47580645161290325,0.3587719298245614,0.33994334277620397
0.5,0.43947368421052635,0.0,1,1953,0.5761932144910868,5,1,0.5,0.9100905562742562,2,157000,0.45161290322580644,0.43947368421052635,0.6949952785646836
0.8,0.9289473684210526,0.770949720670391,2,1998,0.503737780333525,9,0,0.5,0.9408796895213455,1,267000,0.08870967741935484,0.9289473684210526,0.7197565837792466
0.7,0.5293859649122807,0.0,3,2001,0.6940770557791834,6,0,0.5,0.7777490297542045,1,205000,0.06451612903225806,0.5293859649122807,0.6460497324519985
0.5,0.24561403508771928,0.0,2,1972,0.3220241518113859,5,1,0.7,0.5252263906856404,0,149900,0.29838709677419356,0.24561403508771928,0.2776203966005666
0.8,0.730701754385965,0.0,3,2004,0.9580218516388729,8,1,0.5,0.563130659767141,0,305900,0.04032258064516129,0.730701754385965,0.6137865911237015
0.7,0.837280701754386,0.6958410924891372,3,1990,0.4531339850488787,8,1,0.5,0.7628719275549807,1,225000,0.1532258064516129,0.837280701754386,0.7572001888574127
0.6,0.47017543859649125,0.2302917442582247,0,1920,0.403105232892467,6,0,0.7,0.40362225097024584,0,89500,0.717741935483871,0.47017543859649125,0.5398174378344349
0.4,0.23114035087719298,0.0,2,1940,0.30304772857964346,4,0,0.5,0.6896507115135835,0,82500,0.5564516129032258,0.23114035087719298,0.44971671388101986
0.6,0.5118421052631579,0.49906890130353815,2,1993,0.20874065554916618,6,0,0.5,0.3884217335058215,1,165600,0.12903225806451613,0.5118421052631579,0.6145734970097576
0.6,0.27982456140350875,0.0,1,1948,0.3668775158136861,5,1,0.6,0.4087968952134541,1,132000,0.49193548387096775,0.27982456140350875,0.35127478753541075
0.5,0.34385964912280703,0.20173805090006208,2,1939,0.26394479585968944,5,1,0.7,0.39586028460543343,1,119900,0.564516129032258,0.34385964912280703,0.4891406987724267
0.7,0.5732456140350877,0.5021725636250776,2,1925,0.2863714778608396,6,0,0.7,0.5122897800776197,1,178000,0.6774193548387096,0.5732456140350877,0.7247403210576013
0.7,0.4815789473684211,0.4444444444444444,2,2004,0.21966647498562394,6,1,0.5,0.3955368693402329,1,188500,0.04032258064516129,0.4815789473684211,0.5602769908718916
0.7,0.8855263157894736,0.74487895716946,2,1980,0.47096032202415183,10,1,0.7,0.732535575679172,1,260000,0.2338709677419355,0.8855263157894736,0.5443814919735599
0.8,0.7127192982456141,0.5406579764121664,3,2006,0.43358251868890174,8,0,0.5,0.47347994825355755,1,270000,0.024193548387096774,0.7127192982456141,0.5895892351274787
0.7,0.49912280701754386,0.0,2,1980,0.6543990799309949,6,1,0.5,0.804333764553687,2,187500,0.2338709677419355,0.49912280701754386,0.5917532263141327
0.3,0.36359649122807014,0.0,1,1955,0.47671075330649804,6,1,0.8,0.2677878395860285,0,126175,0.43548387096774194,0.36359649122807014,0.3485993075228203
0.5,0.20570175438596489,0.0,2,1941,0.26969522714203564,5,0,0.6,0.21474773609314363,0,87000,0.5483870967741935,0.20570175438596489,0.19169027384324833
0.6,0.46008771929824566,0.0,1,1960,0.6032202415181139,7,0,0.5,0.6416558861578266,0,145250,0.3951612903225806,0.46008771929824566,0.3662484823957912
0.6,0.7894736842105263,0.4276846679081316,2,1916,0.6388729154686602,10,0,0.6,0.6602846054333765,0,214500,0.75,0.7894736842105263,0.440982058545798
0.5,0.37631578947368416,0.36995654872749845,1,1920,0.1506612995974698,6,0,0.5,0.3054333764553687,0,78000,0.717741935483871,0.37631578947368416,0.37141957821844496
0.5,0.6114035087719298,0.0,1,1964,0.801610120759057,10,0,0.4,0.5785252263906857,0,119000,0.3629032258064516,0.6114035087719298,0.24929178470254953
0.5,0.31666666666666665,0.0,1,1958,0.41518113858539396,6,1,0.6,0.4201811125485123,0,139000,0.41129032258064513,0.31666666666666665,0.2644003777148253
0.8,0.5679824561403509,0.0,3,2003,0.7446808510638299,7,1,0.5,0.5805304010349289,1,284000,0.04838709677419355,0.5679824561403509,0.5321732092270335
0.7,0.4491228070175438,0.0,2,2004,0.5888441633122484,6,1,0.5,0.42160413971539457,1,207000,0.04032258064516129,0.4491228070175438,0.5020459553037457
0.6,0.5719298245614035,0.4314090626939789,2,1998,0.35020126509488214,7,1,0.5,0.4761966364812419,2,192000,0.08870967741935484,0.5719298245614035,0.5382436260623229
0.7,0.5271929824561403,0.0,2,2002,0.6912018401380103,7,1,0.5,0.4822121604139715,0,214000,0.056451612903225805,0.5271929824561403,0.4694455685957102
0.7,0.5644736842105263,0.0,2,1984,0.7400805060379528,8,1,0.7,0.8062742561448901,0,202500,0.20161290322580644,0.5644736842105263,0.39010859301227563
0.6,0.38640350877192986,0.0,1,1958,0.5066129959746981,6,0,0.7,0.6934023285899095,0,155000,0.41129032258064513,0.38640350877192986,0.38951841359773365
0.8,0.6903508771929825,0.5679702048417132,2,2002,0.37895342150661304,9,0,0.5,0.8092496765847348,0,202900,0.056451612903225805,0.6903508771929825,0.43437204910292726
0.4,0.22236842105263155,0.0,1,1950,0.29154686601495117,4,0,0.4,0.4346701164294955,0,82000,0.47580645161290325,0.22236842105263155,0.426109537299339
0.3,0.30964912280701756,0.0,2,1949,0.40598044853364,6,0,0.4,0.44398447606727043,0,87500,0.4838709677419355,0.30964912280701756,0.2518098835379289
0.9,0.5921052631578947,0.0,2,2005,0.7763082231167338,6,0,0.5,0.4637128072445019,1,266000,0.03225806451612903,0.5921052631578947,0.7585772741580108
0.5,0.3412280701754386,0.3575418994413408,1,1976,0.11615871190339275,4,0,0.3,0.05899094437257438,0,85000,0.2661290322580645,0.3412280701754386,0.7459867799811142
0.6,0.5451754385964912,0.3755431409062694,1,1939,0.3668775158136861,6,0,0.5,0.3075679172056921,1,140200,0.564516129032258,0.5451754385964912,0.6743783443500155
0.6,0.2736842105263158,0.0,1,1960,0.35882691201840144,5,0,0.8,0.717464424320828,0,151500,0.3951612903225806,0.2736842105263158,0.33805476864966943
0.7,0.5666666666666667,0.5350713842333954,2,2003,0.24726854514088556,6,1,0.5,0.049676584734799495,0,154000,0.04838709677419355,0.5666666666666667,0.7129367327667611
0.7,0.49078947368421055,0.0,2,1986,0.6434732604945371,6,1,0.5,0.23227684346701166,1,190000,0.18548387096774194,0.49078947368421055,0.5768020144790682
0.5,0.34078947368421053,0.30726256983240224,1,1941,0.16216216216216214,5,0,0.6,0.4789133247089262,0,95000,0.5483870967741935,0.34078947368421053,0.482530689329556
0.6,0.16929824561403506,0.0,2,1928,0.2219666474985624,5,0,0.8,0.4424320827943079,0,105900,0.6532258064516129,0.16929824561403506,0.11331444759206799
0.6,0.5530701754385965,0.250155183116077,1,1940,0.4933870040253019,6,0,0.5,0.4346701164294955,2,140000,0.5564516129032258,0.5530701754385965,0.6885426502990242
0.6,0.37982456140350873,0.0,2,1995,0.4979873490511789,6,1,0.5,0.6189521345407504,0,177500,0.11290322580645162,0.37982456140350873,0.37771482530689326
0.6,0.3653508771929824,0.0,2,1992,0.4790109258194365,6,1,0.6,0.48952134540750325,0,173000,0.13709677419354838,0.3653508771929824,0.35174693106704435
0.5,0.3543859649122807,0.0,2,1976,0.4646348476135711,6,1,0.5,0.16455368693402328,1,134000,0.2661290322580645,0.3543859649122807,0.33207428391564364
0.5,0.4464912280701754,0.0,1,1958,0.5853939045428408,6,0,0.4,0.33958602846054337,0,130000,0.41129032258064513,0.4464912280701754,0.49732451998740945
0.8,0.6973684210526316,0.5201738050900062,2,1998,0.43243243243243246,7,1,0.5,0.6682406209573092,1,280000,0.08870967741935484,0.6973684210526316,0.7311479832726291
0.6,0.2535087719298246,0.0,2,1978,0.332374928119609,5,1,0.6,0.37904269081500647,1,156000,0.25,0.2535087719298246,0.29461756373937675
0.5,0.5135964912280702,0.32091868404717566,1,1940,0.37607820586543994,8,1,0.5,0.4827943078913325,0,145000,0.5564516129032258,0.5135964912280702,0.32164778092540125
0.7,0.6964912280701755,0.8857852265673495,2,2003,0.09258194364577346,7,0,0.5,0.3635834411384217,1,198500,0.04838709677419355,0.6964912280701755,0.7297990017536757
0.6,0.2864035087719298,0.3128491620111732,1,1972,0.08568142610695803,5,0,0.8,0.0,0,118000,0.29838709677419356,0.2864035087719298,0.3654390934844193
0.5,0.4429824561403509,0.4171322160148976,1,1920,0.19436457734330073,6,0,0.7,0.5827943078913325,0,147000,0.717741935483871,0.4429824561403509,0.49102927289896114
0.6,0.4649122807017544,0.0,2,1963,0.6095457159286947,6,1,0.5,0.5058214747736093,2,159000,0.3709677419354839,0.4649122807017544,0.5303745672017626
0.6,0.481140350877193,0.0,1,1962,0.6308223116733755,6,0,0.5,0.4831824062095731,1,165000,0.3790322580645161,0.481140350877193,0.5594900849858357
0.5,0.4096491228070176,0.0,1,1954,0.5370902817711328,7,0,0.6,0.39586028460543343,1,132000,0.4435483870967742,0.4096491228070176,0.2886820450559827
0.5,0.4179824561403509,0.0,2,1959,0.5480161012075906,7,1,0.7,0.5271668822768435,1,162000,0.4032258064516129,0.4179824561403509,0.301497369486038
0.6,0.5833333333333334,0.441340782122905,2,2000,0.35595169637722834,7,0,0.5,0.4166235446313066,1,172400,0.07258064516129031,0.5833333333333334,0.5557803858087145
0.4,0.55,0.29050279329608936,2,1959,0.4519838987924095,7,0,0.4,0.998706338939198,1,134432,0.4032258064516129,0.55,0.5045190880884931
0.6,0.18333333333333335,0.0,1,1984,0.24036802760207018,4,1,0.5,0.3554333764553687,0,125000,0.20161290322580644,0.18333333333333335,0.32105760151085927
0.5,0.4320175438596491,0.0,1,1953,0.5664174813110984,5,1,0.6,0.5791720569210868,0,123000,0.45161290322580644,0.4320175438596491,0.6789423984891407
0.7,0.6991228070175438,0.6710117939168219,2,2003,0.2949971247843588,8,0,0.5,0.42173350582147484,1,219500,0.04838709677419355,0.6991228070175438,0.571293673276676
0.1,0.25,0.0,0,1922,0.3277745830937321,4,1,0.1,0.5394566623544631,0,61000,0.7016129032258065,0.25,0.5004721435316335
0.5,0.2543859649122807,0.0,2,1996,0.3335250143760783,5,0,0.5,0.4635187580853817,0,148000,0.10483870967741934,0.2543859649122807,0.2965061378659113
0.6,0.6429824561403509,0.49224084419615144,2,2000,0.3870040253018977,7,0,0.5,0.41675291073738685,1,179000,0.07258064516129031,0.6429824561403509,0.6475111290975315
0.5,0.5951754385964912,0.4127870887647424,1,1924,0.39792984473835546,6,0,0.6,0.21474773609314363,1,127000,0.6854838709677419,0.5951754385964912,0.7640856153604028
0.7,0.4241228070175439,0.0,2,2006,0.5560667050028753,5,1,0.5,0.3570504527813713,1,187750,0.024193548387096774,0.4241228070175439,0.6619452313503305
0.7,0.6416666666666667,0.5325884543761639,2,2006,0.3479010925819437,8,0,0.5,0.4893272962483829,0,213500,0.024193548387096774,0.6416666666666667,0.49398016997167127
0.6,0.19736842105263158,0.0,2,1928,0.2587694077055779,5,0,0.3,0.47347994825355755,0,76000,0.6532258064516129,0.19736842105263158,0.17374881964117095
0.8,0.4100877192982456,0.0,2,2004,0.5376653248993675,6,0,0.5,0.09715394566623545,1,192000,0.04032258064516129,0.4100877192982456,0.4320113314447591
0.5,0.3728070175438597,0.3265052762259466,0,1910,0.18631397354801613,8,0,0.3,0.43531694695989653,0,81000,0.7983870967741935,0.3728070175438597,0.13220018885741258
0.6,0.34692982456140353,0.0,1,1976,0.4548591144335825,6,1,0.6,0.3570504527813713,1,125000,0.2661290322580645,0.34692982456140353,0.3186968838526911
0.7,0.5021929824561403,0.0,2,1999,0.6584243818286372,6,0,0.5,0.49818887451487714,0,191000,0.08064516129032259,0.5021929824561403,0.5972615675165249
0.5,0.4530701754385965,0.25201738050900063,1,1900,0.36055204140310526,7,1,0.8,0.434993531694696,0,119000,0.8790322580645161,0.4530701754385965,0.3554566302441655
0.6,0.7135964912280702,0.718187461204221,2,2001,0.2702702702702703,7,1,0.5,0.6810478654592497,1,215000,0.06451612903225806,0.7135964912280702,0.7561041413732632
0.5,0.24035087719298243,0.0,1,1959,0.3151236342725705,5,0,0.7,0.43072445019404915,0,106500,0.4032258064516129,0.24035087719298243,0.2662889518413597
0.4,0.19912280701754387,0.0,0,1941,0.26106958021851645,4,0,0.5,0.37296248382923675,2,100000,0.5483870967741935,0.19912280701754387,0.36355051935788474
0.5,0.30701754385964913,0.1855990068280571,1,1940,0.23059229442208165,5,0,0.6,0.5468305304010349,0,109000,0.5564516129032258,0.30701754385964913,0.4098205854579793
0.5,0.35526315789473684,0.0,1,1956,0.4657849338700403,6,1,0.6,0.5104139715394567,0,129000,0.4274193548387097,0.35526315789473684,0.33364809568775566
0.5,0.24561403508771928,0.0,2,1972,0.3220241518113859,6,0,0.5,0.3570504527813713,0,123000,0.29838709677419356,0.24561403508771928,0.13692162417374876
0.5,0.6482456140350877,0.5810055865921787,1,1962,0.31167337550316276,8,0,0.5,0.3822768434670117,1,169500,0.3790322580645161,0.6482456140350877,0.5028328611898016
0.5,0.32587719298245615,0.0,1,1920,0.4272570442783209,6,0,0.2,0.47134540750323417,0,67000,0.717741935483871,0.32587719298245615,0.28092540132200183
0.7,0.5333333333333333,0.2718808193668529,2,2006,0.4473835537665325,7,1,0.5,0.416882276843467,0,241000,0.024193548387096774,0.5333333333333333,0.47888843922838253
0.8,0.4184210526315789,0.0,2,1996,0.5485911443358252,4,1,0.5,0.8591849935316948,2,245500,0.10483870967741934,0.4184210526315789,0.9537299338999055
0.7,0.4280701754385965,0.0,2,2005,0.5612420931569868,6,0,0.5,0.4584087968952135,1,164990,0.03225806451612903,0.4280701754385965,0.46427447277305633
0.5,0.14824561403508774,0.0,1,1940,0.19436457734330073,4,0,0.8,0.5510996119016818,0,108000,0.5564516129032258,0.14824561403508774,0.22662889518413598
0.8,0.8460526315789474,0.6815642458100558,2,1998,0.4778608395629672,10,0,0.5,0.6733505821474773,1,258000,0.08870967741935484,0.8460526315789474,0.5018885741265344
0.6,0.5429824561403509,0.4754810676598386,2,1995,0.27142035652673957,7,0,0.5,0.5617076326002588,1,168000,0.11290322580645162,0.5429824561403509,0.4937272359368676
0.4,0.5640350877192982,0.0,2,1976,0.7395054629097183,8,1,0.4,0.5375808538163002,1,150000,0.2661290322580645,0.5640350877192982,0.38951841359773365
0.6,0.5723684210526315,0.0,1,1936,0.47843588269120185,6,0,0.5,0.5692108667529108,0,115000,0.5887096774193549,0.3649122807017544,0.35096002518098834
0.6,0.5903508771929824,0.521415270018622,1,1915,0.2909718228867165,8,0,0.7,0.8988357050452781,0,177000,0.7580645161290323,0.5903508771929824,0.4249291784702549
0.7,0.8061403508771929,0.6834264432029795,3,2006,0.42380678550891315,9,0,0.5,0.806856403622251,1,280000,0.024193548387096774,0.8061403508771929,0.572867485048788
0.5,0.41315789473684206,0.0,1,1958,0.5416906267970099,5,0,0.3,0.5104139715394567,0,60000,0.41129032258064513,0.41315789473684206,0.6383380547686495
0.7,0.5017543859649123,0.0,2,2009,0.6578493387004025,7,1,0.5,0.17613195342820182,1,222000,0.0,0.5017543859649123,0.43032510454606765
0.5,0.3043859649122807,0.0,2,1927,0.39907993099482464,5,0,0.6,0.4708926261319535,1,115000,0.6612903225806451,0.3043859649122807,0.4041548630783758
0.7,0.7732456140350877,0.6312849162011173,3,1993,0.4289821736630247,9,0,0.5,0.6175937904269082,1,228000,0.12903225806451613,0.7732456140350877,0.5335221907459866
0.7,0.44122807017543864,0.0,2,2007,0.5784933870040253,6,0,0.5,0.46694695989650714,0,181134,0.016129032258064516,0.44122807017543864,0.4878816493547371
0.6,0.4675438596491228,0.45189323401613907,2,1978,0.19436457734330073,6,0,0.7,0.39870633893919794,1,149500,0.25,0.4675438596491228,0.5350960025180989
0.5,0.3508771929824561,0.2346368715083799,1,1940,0.24266820011500864,7,1,0.6,0.41914618369987067,0,126000,0.5564516129032258,0.3508771929824561,0.19830028328611893
0.5,0.31666666666666665,0.0,1,1968,0.41518113858539396,6,1,0.6,0.4379042690815007,1,142000,0.33064516129032256,0.31666666666666665,0.2644003777148253
0.7,0.4429824561403509,0.0,4,1997,0.5807935595169638,8,2,0.5,0.3479948253557568,0,206300,0.0967741935483871,0.4429824561403509,0.22662889518413598
0.6,0.5561403508771929,0.0,2,1977,0.7291546866014952,8,0,0.7,0.9673350582147479,1,215000,0.25806451612903225,0.5561403508771929,0.37889518413597734
0.6,0.37807017543859645,0.0,1,1956,0.49568717653824046,6,1,0.5,0.47347994825355755,1,139000,0.4274193548387097,0.37807017543859645,0.3745672017626692
0.7,0.4627192982456141,0.4233395406579764,1,1946,0.21449108683151238,6,0,0.8,0.10983182406209574,2,135000,0.5080645161290323,0.4627192982456141,0.5264400377714824
0.7,0.5745614035087719,0.0,2,1989,0.753306497987349,5,1,0.5,0.7192755498059509,1,275000,0.16129032258064516,0.5745614035087719,0.9858356940509916
0.4,0.2513157894736842,0.0,1,1957,0.3294997124784359,5,0,0.6,0.44715394566623545,0,109008,0.41935483870967744,0.2513157894736842,0.2898961284230406
0.7,0.3833333333333333,0.0,2,2007,0.5025876940770558,6,1,0.5,0.32871927554980596,0,195400,0.016129032258064516,0.3833333333333333,0.38401007239534146
0.6,0.4728070175438597,0.0,2,1988,0.6198964922369178,6,1,0.5,0.6324062095730919,1,175000,0.16935483870967744,0.4728070175438597,0.5445388731507712
0.6,0.2864035087719298,0.3128491620111732,1,1971,0.08568142610695803,4,0,0.5,0.0,0,85400,0.3064516129032258,0.2864035087719298,0.5984419263456091
0.6,0.3789473684210526,0.06828057107386716,0,1920,0.43358251868890174,7,0,0.7,0.25265200517464426,0,79900,0.717741935483871,0.3789473684210526,0.24146769189262096
0.5,0.45219298245614037,0.37243947858473,2,1971,0.2478435882691202,6,1,0.5,0.015523932729624837,0,122500,0.3064516129032258,0.45219298245614037,0.5075542965061377
0.6,0.5570175438596491,0.4208566108007449,2,1997,0.34042553191489366,7,0,0.5,0.5924320827943079,1,181000,0.0967741935483871,0.5570175438596491,0.5153109402401186
0.4,0.1298245614035088,0.0,0,1972,0.1702127659574468,3,1,0.7,0.013583441138421734,0,81000,0.29838709677419356,0.1298245614035088,0.4249291784702549
0.7,0.5820175438596491,0.5176908752327747,2,1996,0.2834962622196665,6,1,0.6,0.5813065976714101,1,212000,0.10483870967741934,0.5820175438596491,0.740478438778722
0.6,0.34385964912280703,0.2383612662942272,2,1920,0.23001725129384706,6,0,0.8,0.1759379042690815,0,116000,0.717741935483871,0.34385964912280703,0.31318854265029905
0.6,0.25,0.0,1,1926,0.3277745830937321,4,0,0.7,0.2794307891332471,0,119000,0.6693548387096774,0.25,0.5004721435316335
0.5,0.15789473684210525,0.0,1,1913,0.20701552616446237,4,0,0.6,0.1681759379042691,1,90350,0.7741935483870968,0.15789473684210525,0.2525967894239849
0.6,0.37807017543859645,0.31781502172563625,2,1920,0.20126509488211616,7,0,0.8,0.6904269081500647,0,110000,0.717741935483871,0.37807017543859645,0.24011871037366783
0.4,0.48508771929824557,0.0,0,1955,0.6359976998274871,8,0,0.4,0.6745148771021993,0,118000,0.43548387096774194,0.48508771929824557,0.28328611898017
0.5,0.5434210526315789,0.27622594661700806,2,1930,0.45658424381828644,8,0,0.7,0.2949547218628719,1,162900,0.6370967741935484,0.5434210526315789,0.3617799811142587
0.7,0.4052631578947369,0.0,3,2006,0.5313398504887867,6,0,0.5,0.14501940491591203,1,172500,0.024193548387096774,0.4052631578947369,0.4233553666981428
0.7,0.6903508771929825,0.6052141527001862,2,1994,0.34445083381253594,8,1,0.5,0.4573091849935317,1,210000,0.12096774193548387,0.6903508771929825,0.5594900849858357
0.6,0.5942982456140351,0.0,2,1956,0.7791834387579069,7,0,0.5,0.5287839586028461,1,127500,0.4274193548387097,0.5942982456140351,0.5726426547956291
0.6,0.6815789473684211,0.0,2,1966,0.8936170212765958,6,0,0.6,0.9580853816300129,1,190000,0.3467741935483871,0.6815789473684211,0.9191060749134403
0.7,0.6807017543859649,0.5772811918063314,2,1998,0.35767682576193216,10,0,0.5,0.6166882276843467,1,199900,0.08870967741935484,0.6807017543859649,0.3238904627006609
0.6,0.4570175438596491,0.36995654872749845,1,1937,0.2564692351926394,7,0,0.6,0.44760672703751614,1,119500,0.5806451612903226,0.4570175438596491,0.36152704707945504
0.3,0.37236842105263157,0.3128491620111732,1,1948,0.19838987924094306,6,0,0.7,0.2794307891332471,0,120000,0.49193548387096775,0.37236842105263157,0.36433742524394075
0.6,0.2100877192982456,0.0,1,1930,0.27544565842438185,5,0,0.8,0.2589909443725744,0,110000,0.6370967741935484,0.2100877192982456,0.20113314447592057
0.6,0.6236842105263158,0.5387957790192427,2,1996,0.31857389304197814,7,1,0.5,0.493078913324709,0,204000,0.10483870967741934,0.6236842105263158,0.6178335356805611
0.8,0.5508771929824562,0.49906890130353815,2,2008,0.25991949396204717,6,0,0.5,0.47347994825355755,0,210000,0.008064516129032258,0.5508771929824562,0.684608120868744
0.5,0.6114035087719298,0.0,2,1976,0.801610120759057,8,2,0.5,0.4926908150064683,0,188000,0.2661290322580645,0.6114035087719298,0.45325779036827196
0.7,0.39824561403508774,0.0,2,1973,0.5221391604370328,6,0,0.6,0.5122897800776197,1,175500,0.2903225806451613,0.39824561403508774,0.4107648725212464
0.5,0.4429824561403509,0.44692737430167595,3,1916,0.16676250718803912,7,0,0.5,0.18699870633893922,0,98000,0.75,0.4429824561403509,0.33994334277620397
0.8,0.5842105263157895,0.5170701427684667,1,1925,0.28694652098907414,7,0,0.7,0.22121604139715395,1,161000,0.6774193548387096,0.5842105263157895,0.5571293673276676
0.5,0.381140350877193,0.13904407200496585,1,1950,0.3709028177113284,5,1,0.4,0.3450840879689521,1,110000,0.47580645161290325,0.381140350877193,0.5694050991501416
0.8,0.7021929824561404,0.6846679081315953,2,2009,0.2863714778608396,8,1,0.5,0.4090556274256145,0,263435,0.0,0.7021929824561404,0.5754249291784701
0.7,0.3513157894736842,0.34761018001241467,2,1936,0.13858539390454286,6,1,0.9,0.3570504527813713,0,155000,0.5887096774193549,0.3513157894736842,0.32656594271325146
0.5,0.2324561403508772,0.0,1,1965,0.3047728579643474,5,0,0.5,0.42697283311772316,1,62383,0.3548387096774194,0.2324561403508772,0.24929178470254953
0.6,0.5815789473684211,0.5034140285536933,1,1934,0.2961472110408281,6,0,0.7,0.6667529107373869,1,188700,0.6048387096774194,0.5815789473684211,0.7396915328926661
0.5,0.30964912280701756,0.0,0,1978,0.40598044853364,5,0,0.5,0.4366106080206986,0,124000,0.25,0.30964912280701756,0.41548630783758256
0.7,0.4736842105263158,0.0,2,2004,0.6210465784933871,6,0,0.5,0.09003880983182405,1,178740,0.04032258064516129,0.4736842105263158,0.5461126849228832
0.7,0.4135964912280702,0.0,2,1970,0.5422656699252444,5,1,0.5,0.578783958602846,1,167000,0.31451612903225806,0.4135964912280702,0.6392823418319169
0.5,0.5745614035087719,0.4692737430167598,1,1942,0.31857389304197814,7,0,0.7,0.5045278137128073,2,146500,0.5403225806451613,0.5745614035087719,0.5422905706191825
0.8,0.5701754385964912,0.0,3,2006,0.747556066705003,7,0,0.5,0.6305304010349289,1,250000,0.024193548387096774,0.5701754385964912,0.5355456630244164
0.6,0.6035087719298246,0.5450031036623215,2,1993,0.2863714778608396,7,0,0.5,0.49230271668822767,0,187000,0.12903225806451613,0.6035087719298246,0.5868069607446378
0.7,0.7171052631578947,0.5015518311607697,2,1977,0.47556066705002875,8,0,0.6,0.6644243208279431,1,190000,0.25806451612903225,0.7171052631578947,0.595491029272899
0.6,0.3236842105263158,0.0,2,2005,0.4243818286371478,5,1,0.5,0.12904269081500647,0,148000,0.03225806451612903,0.3236842105263158,0.44570349386213404
0.8,0.5780701754385965,0.0,2,2000,0.7579068430132261,6,1,0.5,0.23609314359637773,0,251000,0.07258064516129031,0.5780701754385965,0.7333962858042176
0.5,0.2789473684210526,0.0,2,1963,0.3657274295572168,5,1,0.6,0.4398447606727037,0,132500,0.3709677419354839,0.2789473684210526,0.3493862134088762
0.6,0.5083333333333333,0.0,2,1997,0.6664749856239218,7,1,0.5,0.7402975420439845,1,208900,0.0967741935483871,0.5083333333333333,0.44044246593821645
0.8,0.6070175438596491,0.0,3,2007,0.7958596894767108,7,1,0.5,0.579366106080207,1,297000,0.016129032258064516,0.6070175438596491,0.5922028868204505
0.4,0.3495614035087719,0.0,2,1937,0.45830937320299026,7,0,0.7,0.2745795601552393,0,89471,0.5806451612903226,0.3495614035087719,0.19627681100768923
0.7,0.6543859649122807,0.5648665425201738,1,1915,0.33467510063254746,7,1,0.8,0.05304010349288488,1,155000,0.7580645161290323,0.6543859649122807,0.6650478888439226
0.6,0.3868421052631579,0.0,2,1998,0.5071880391029328,5,1,0.5,0.18240620957309184,0,164000,0.08870967741935484,0.3868421052631579,0.5816808309726156
0.5,0.2916666666666667,0.0,1,1962,0.3824036802760208,6,1,0.7,0.3931435963777491,0,132500,0.3790322580645161,0.2916666666666667,0.21954674220963166
0.5,0.3416666666666667,0.0,1,1950,0.44795859689476714,5,0,0.7,0.5122897800776197,1,147000,0.47580645161290325,0.3416666666666667,0.48441926345609065
0.5,0.32412280701754387,0.0,2,1965,0.42495687176538244,6,1,0.7,0.556856403622251,0,156000,0.3548387096774194,0.32412280701754387,0.2777777777777778
0.5,0.5043859649122807,0.0,2,1971,0.6612995974698103,7,0,0.6,0.6832470892626132,1,175000,0.3064516129032258,0.5043859649122807,0.43437204910292726
0.5,0.912280701754386,0.4022346368715084,2,1900,0.8234617596319725,10,0,0.4,0.5899094437257438,1,160000,0.8790322580645161,0.912280701754386,0.5731822474032104
0.5,0.42543859649122806,0.4270639354438237,1,1976,0.16216216216216214,4,0,0.6,0.06371280724450193,1,115000,0.2661290322580645,0.42543859649122806,0.9726156751652502
0.6,0.5456140350877193,0.38485412787088763,1,1941,0.35882691201840144,5,1,0.7,0.5051746442432083,2,133000,0.5483870967741935,0.5456140350877193,0.9235127478753542
0.6,0.4921052631578947,0.45189323401613907,2,2006,0.22656699252443932,8,0,0.5,0.8989650711513585,0,172785,0.024193548387096774,0.4921052631578947,0.2927289896128422
0.5,0.4100877192982456,0.0,1,1960,0.5376653248993675,6,0,0.6,0.40433376455368697,1,155000,0.3951612903225806,0.4100877192982456,0.4320113314447591
0.5,0.2421052631578947,0.0,1,1938,0.31742380678550897,4,0,0.8,0.26545924967658474,0,91300,0.5725806451612903,0.2421052631578947,0.47922568460812087
0.4,0.16929824561403506,0.0,0,1920,0.2219666474985624,4,0,0.5,0.4009702457956016,0,34900,0.717741935483871,0.16929824561403506,0.28328611898017
0.7,0.6517543859649123,0.4264432029795158,1,1925,0.45945945945945954,8,1,0.6,0.48124191461836996,0,184000,0.6774193548387096,0.6517543859649123,0.5075542965061377
0.5,0.24780701754385964,0.0,1,1967,0.324899367452559,5,0,0.7,0.39586028460543343,0,130000,0.3387096774193548,0.24780701754385964,0.28234183191690276
0.5,0.2535087719298246,0.0,1,1958,0.332374928119609,5,0,0.7,0.37871927554980594,0,120000,0.41129032258064513,0.2535087719298246,0.29461756373937675
0.6,0.387719298245614,0.33891992551210426,1,1973,0.19436457734330073,7,0,0.5,0.013583441138421734,0,113000,0.2903225806451613,0.387719298245614,0.2549575070821529
0.7,0.6289473684210526,0.5599006828057107,2,2005,0.30592294422081656,7,0,0.5,0.5254204398447607,0,226700,0.03225806451612903,0.6289473684210526,0.6259274247942803
0.5,0.38596491228070173,0.0,2,1965,0.5060379528464636,6,1,0.7,0.4844760672703752,0,140000,0.3548387096774194,0.38596491228070173,0.38873150771167764
0.7,0.643421052631579,0.0,2,1959,0.843588269120184,6,1,0.8,0.9005174644243209,2,289000,0.4032258064516129,0.643421052631579,0.8506452628265659
0.6,0.43333333333333335,0.2898820608317815,2,1974,0.29959746981023583,6,0,0.5,0.040620957309184996,1,147000,0.282258064516129,0.43333333333333335,0.4737173434057287
0.5,0.7131578947368421,0.6207324643078833,2,1952,0.3599769982748706,10,0,0.5,0.3826649417852523,0,124500,0.4596774193548387,0.7131578947368421,0.35882908404154856
0.8,0.6916666666666667,0.5251396648044693,2,1993,0.4203565267395055,8,0,0.5,0.5093143596377749,1,215000,0.12903225806451613,0.6916666666666667,0.5612606232294617
0.6,0.387719298245614,0.0,2,2009,0.508338125359402,4,0,0.5,0.39987063389391986,0,208300,0.0,0.387719298245614,0.8711048158640227
0.7,0.45789473684210524,0.4276846679081316,2,1928,0.20414031052328926,7,0,0.9,0.5122897800776197,1,161000,0.6532258064516129,0.45789473684210524,0.3628760285984082
0.5,0.31008771929824563,0.0,1,1959,0.40655549166187466,6,1,0.6,0.5122897800776197,0,124500,0.4032258064516129,0.31008771929824563,0.2525967894239849
0.5,0.4513157894736842,0.0,1,1951,0.5917193789534215,6,1,0.7,0.8330530401034929,2,164900,0.46774193548387094,0.4513157894736842,0.5059804847340257
0.7,0.45350877192982453,0.0,2,2005,0.5945945945945946,6,0,0.5,0.3306597671410091,1,202665,0.03225806451612903,0.45350877192982453,0.5099150141643058
0.5,0.2324561403508772,0.0,2,1958,0.3047728579643474,5,1,0.5,0.479948253557568,0,129900,0.41129032258064513,0.2324561403508772,0.24929178470254953
0.6,0.32719298245614037,0.0,2,1983,0.4289821736630247,5,0,0.5,0.4855756791720569,0,134000,0.20967741935483872,0.32719298245614037,0.45325779036827196
0.5,0.19956140350877194,0.0,1,1926,0.261644623346751,5,0,0.5,0.5765847347994826,0,96500,0.6693548387096774,0.19956140350877194,0.17847025495750712
0.6,0.7828947368421053,0.45996275605214154,2,1972,0.6003450258769408,7,0,0.6,0.5671410090556275,1,158000,0.29838709677419356,0.7828947368421053,0.8626736813705651
0.6,0.6412280701754386,0.5673494723774053,2,1998,0.3151236342725705,7,1,0.5,0.5078266494178525,0,211000,0.08870967741935484,0.6412280701754386,0.6448131660596248
0.7,0.7657894736842106,0.49906890130353815,1,1926,0.5416906267970099,9,0,0.9,0.5975420439844761,2,234000,0.6693548387096774,0.7657894736842106,0.5246039240373517
0.4,0.42105263157894735,0.37243947858473,0,1900,0.20701552616446237,7,0,0.7,0.5899094437257438,0,106250,0.8790322580645161,0.42105263157894735,0.3062188048023742
0.6,0.3991228070175439,0.0,1,1957,0.5232892466935021,6,0,0.6,0.6667529107373869,2,150000,0.41935483870967744,0.3991228070175439,0.4123386842933585
0.6,0.5833333333333334,0.409683426443203,2,1947,0.3852788959171938,7,0,0.7,0.21474773609314363,2,159000,0.5,0.5833333333333334,0.5557803858087145
0.7,0.40877192982456145,0.0,2,2005,0.5359401955146637,6,0,0.5,0.37645536869340235,1,176000,0.03225806451612903,0.40877192982456145,0.4296506137865911
0.5,0.26052631578947366,0.0,1,1956,0.34157561817136284,4,0,0.7,0.7516170763260026,0,132000,0.4274193548387097,0.26052631578947366,0.5288007554296505
0.4,0.118859649122807,0.0,0,1920,0.15583668775158135,5,1,0.7,0.4798188874514877,0,86000,0.717741935483871,0.118859649122807,0.0047214353163361755
0.6,0.5153508771929824,0.0,2,1988,0.6756756756756758,5,1,0.5,0.5510996119016818,1,175000,0.16935483870967744,0.5153508771929824,0.858356940509915
0.6,0.4508771929824561,0.3792675356921167,2,1920,0.23979298447383554,6,0,0.8,0.28945666235446316,0,128000,0.717741935483871,0.4508771929824561,0.5051935788479698
0.5,0.2162280701754386,0.0,1,1955,0.2834962622196665,5,0,0.7,0.3570504527813713,1,107500,0.43548387096774194,0.2162280701754386,0.21435316336166188
0.1,0.0,0.0,0,1946,0.0,2,0,0.3,0.21474773609314363,0,39300,0.5080645161290323,0.0,0.2219074598677998
0.8,0.4736842105263158,0.4388578522656735,2,2004,0.21449108683151238,6,0,0.5,0.47710219922380337,1,178000,0.04032258064516129,0.4736842105263158,0.5461126849228832
0.5,0.4442982456140351,0.3271260086902545,0,1910,0.2794709603220241,5,1,0.7,0.3441138421733506,0,107500,0.7983870967741935,0.4442982456140351,0.7053824362606231
0.7,0.6096491228070176,0.5238981998758535,2,1998,0.3139735480161012,8,0,0.5,0.46856403622250975,0,188000,0.08870967741935484,0.6096491228070176,0.4508970727101038
0.4,0.2324561403508772,0.0,2,1972,0.3047728579643474,5,0,0.5,0.7150711513583441,0,111250,0.29838709677419356,0.2324561403508772,0.24929178470254953
0.5,0.36184210526315785,0.0,1,1968,0.4744105807935596,7,0,0.5,0.6386157826649418,1,158000,0.33064516129032256,0.36184210526315785,0.21516255227303382
0.8,0.5557017543859649,0.0,2,2001,0.7285796434732605,6,1,0.5,0.6302069857697283,1,272000,0.06451612903225806,0.5557017543859649,0.6932640856153602
0.8,0.855701754385965,0.7995034140285537,3,2000,0.3812535940195515,8,0,0.5,0.6028460543337646,1,248000,0.07258064516129031,0.855701754385965,0.7819877242681774
0.7,0.5903508771929824,0.0,2,1998,0.7740080506037953,7,1,0.5,0.5472186287192756,1,213250,0.08870967741935484,0.5903508771929824,0.56657223796034
0.7,0.18991228070175437,0.0,1,1998,0.24899367452558943,4,1,0.5,0.1538163001293661,0,133000,0.08870967741935484,0.18991228070175437,0.3387629839471199
0.7,0.5096491228070176,0.5164494103041589,2,2006,0.18976423231742381,7,1,0.5,0.9976714100905563,1,179665,0.024193548387096774,0.5096491228070176,0.4424659382166465
0.7,0.8109649122807018,0.500310366232154,3,1988,0.5997699827487062,9,0,0.5,0.7863518758085382,0,229000,0.16935483870967744,0.8109649122807018,0.5786381282131989
0.6,0.5706140350877194,0.44692737430167595,2,1923,0.3341000575043128,6,0,0.7,0.4564683053040104,1,210000,0.6935483870967741,0.5706140350877194,0.7200188857412653
0.5,0.19035087719298244,0.0,2,1970,0.24956871765382402,5,1,0.7,0.3598965071151358,0,129500,0.31451612903225806,0.19035087719298244,0.1586402266288951
0.5,0.21535087719298246,0.0,2,1955,0.2823461759631972,4,1,0.7,0.4239974126778784,0,125000,0.43548387096774194,0.21535087719298246,0.4072237960339943
0.7,0.7719298245614035,0.7337057728119181,2,2003,0.332374928119609,8,0,0.5,0.49773609314359635,1,263000,0.04838709677419355,0.7719298245614035,0.6692634560906514
0.6,0.3223684210526316,0.0,2,1977,0.422656699252444,4,0,0.6,0.15284605433376458,0,140000,0.25806451612903225,0.3223684210526316,0.6952313503305003
0.5,0.26052631578947366,0.0,1,1957,0.34157561817136284,5,0,0.6,0.2794307891332471,0,112500,0.41935483870967744,0.26052631578947366,0.3097261567516524
0.8,0.6065789473684211,0.0,3,2006,0.7952846463484762,7,0,0.5,0.6122897800776197,1,255500,0.024193548387096774,0.6065789473684211,0.5915283960609738
0.4,0.3473684210526316,0.0,2,1949,0.45543415756181715,5,0,0.5,0.45905562742561445,0,108000,0.4838709677419355,0.3473684210526316,0.49669499527856464
0.7,0.7508771929824561,0.6455617628801986,3,2003,0.38642898217366306,8,1,0.5,0.5785899094437258,1,284000,0.04838709677419355,0.7508771929824561,0.6409348441926346
0.5,0.3131578947368421,0.0,1,1922,0.41058079355951704,5,0,0.6,0.3040103492884864,1,113000,0.7016129032258065,0.3131578947368421,0.4230406043437204
0.5,0.33245614035087717,0.0,1,1957,0.4358826912018402,6,1,0.5,0.851875808538163,1,141000,0.41935483870967744,0.33245614035087717,0.2927289896128422
0.4,0.43947368421052635,0.27250155183116076,1,1920,0.3237492811960897,7,0,0.6,0.6054333764553688,0,108000,0.717741935483871,0.43947368421052635,0.3345474167003911
0.7,0.5364035087719298,0.0,2,2003,0.7032777458309374,7,0,0.5,0.0980595084087969,1,234000,0.04838709677419355,0.5364035087719298,0.4836098745447186
0.5,0.46403508771929824,0.0,2,1957,0.6083956296722255,5,1,0.6,0.6249029754204398,1,121500,0.41935483870967744,0.46403508771929824,0.7478753541076486
0.5,0.4627192982456141,0.0,2,1974,0.6066705002875216,6,1,0.5,0.5388098318240622,1,170000,0.282258064516129,0.4627192982456141,0.5264400377714824
0.5,0.29035087719298247,0.0,0,1940,0.38067855089131686,6,1,0.6,0.7908796895213455,1,108000,0.5564516129032258,0.29035087719298247,0.21718602455146363
0.7,0.8600877192982456,0.7008069522036002,2,1992,0.47843588269120185,9,1,0.5,0.7545924967658474,1,268000,0.13709677419354838,0.8600877192982456,0.6373937677053825
0.6,0.5758771929824561,0.500310366232154,1,1915,0.29154686601495117,6,1,0.4,0.3349288486416559,0,128000,0.7580645161290323,0.5758771929824561,0.7294617563739376
0.7,0.5267543859649123,0.0,2,2004,0.6906267970097758,7,0,0.5,0.5492238033635187,0,214000,0.04032258064516129,0.5267543859649123,0.4687710778362335
0.5,0.26710526315789473,0.0,2,1979,0.35020126509488214,4,1,0.5,0.3461836998706339,2,135960,0.24193548387096775,0.26710526315789473,0.5465061378659111
0.5,0.6114035087719298,0.0,2,1965,0.801610120759057,10,0,0.5,0.738745148771022,0,142600,0.3548387096774194,0.6114035087719298,0.24929178470254953
0.6,0.2324561403508772,0.0,1,1959,0.3047728579643474,4,1,0.6,0.36558861578266494,0,120000,0.4032258064516129,0.2324561403508772,0.45325779036827196
0.7,0.5956140350877193,0.5251396648044693,2,2009,0.29442208165612427,6,0,0.5,0.742496765847348,0,224500,0.0,0.5956140350877193,0.7648725212464589
0.7,0.48070175438596496,0.40720049658597146,2,2000,0.2530189764232318,8,0,0.5,0.5360284605433376,1,170000,0.07258064516129031,0.48070175438596496,0.27738432483474973
0.5,0.3399122807017544,0.3308504034761018,1,1971,0.13916043703277745,5,0,0.7,0.5705045278137129,0,139000,0.3064516129032258,0.3399122807017544,0.4806421152030218
0.5,0.3868421052631579,0.2383612662942272,1,1947,0.2863714778608396,6,0,0.5,0.4398447606727037,0,118500,0.5,0.3868421052631579,0.39030531948378966
0.7,0.5013157894736842,0.37243947858473,1,1928,0.3122484186313974,6,0,0.7,0.2983182406209573,1,145000,0.6532258064516129,0.5013157894736842,0.5956877557444129
0.5,0.4324561403508772,0.0,2,1966,0.566992524439333,6,1,0.6,0.653104786545925,2,164500,0.3467741935483871,0.4324561403508772,0.47214353163361666
0.7,0.46403508771929824,0.4276846679081316,2,2007,0.21219091431857393,5,0,0.5,0.12445019404915914,0,146000,0.016129032258064516,0.46403508771929824,0.7478753541076486
0.5,0.6407894736842106,0.46244568590937307,1,1954,0.4117308798159862,7,0,0.5,0.6772315653298836,0,131500,0.4435483870967742,0.6407894736842106,0.6441386753001483
0.6,0.48026315789473684,0.0,2,1960,0.6296722254169063,7,0,0.6,0.8347347994825356,2,181900,0.3951612903225806,0.48026315789473684,0.39727505733171453
0.8,0.7491228070175439,0.0,3,2008,0.982173663024727,8,0,0.5,0.7130659767141009,1,253293,0.008064516129032258,0.7491228070175439,0.6385741265344664
0.6,0.21140350877192982,0.0,0,1990,0.27717078780908566,5,1,0.5,0.6572445019404917,0,118500,0.1532258064516129,0.21140350877192982,0.20396600566572232
0.4,0.5434210526315789,0.36250775915580385,1,1935,0.3766532489936746,6,0,0.7,0.2871927554980595,0,133000,0.5967741935483871,0.5434210526315789,0.6712307208057917
0.6,0.2210526315789474,0.0,1,1918,0.28982173663024724,5,1,0.7,0.5554333764553687,0,130000,0.7338709677419355,0.2210526315789474,0.22474032105760144
0.5,0.2307017543859649,0.0,2,1982,0.3024726854514088,4,1,0.6,0.45666235446313064,0,137000,0.21774193548387097,0.2307017543859649,0.4485363550519357
0.5,0.26359649122807016,0.0,1,1930,0.2558941920644049,4,0,0.6,0.479948253557568,0,79500,0.6370967741935484,0.19517543859649122,0.3529272898961284
0.7,0.5473684210526316,0.5040347610180013,2,2004,0.25071880391029333,6,0,0.5,0.42949547218628725,0,185900,0.04032258064516129,0.5473684210526316,0.6783128737802959
0.5,0.21140350877192982,0.0,2,1982,0.27717078780908566,4,1,0.8,0.3182406209573092,0,138000,0.21774193548387097,0.21140350877192982,0.39660056657223786
0.6,0.22543859649122805,0.0,2,2003,0.29557216791259344,4,1,0.5,0.1782018111254851,0,140000,0.04838709677419355,0.22543859649122805,0.43437204910292726
0.5,0.2587719298245614,0.0,1,1975,0.3392754456584244,5,0,0.6,0.40815006468305304,0,110000,0.27419354838709675,0.2587719298245614,0.30594900849858353
0.6,0.45350877192982453,0.4245810055865922,1,1910,0.20126509488211616,7,0,0.7,0.12419146183699872,0,114504,0.7983870967741935,0.45350877192982453,0.3561311210036422
0.7,0.46842105263157896,0.0,3,2006,0.6141460609545716,7,0,0.5,0.14501940491591203,1,194201,0.024193548387096774,0.46842105263157896,0.3790638068258464
0.5,0.5758771929824561,0.0,2,1977,0.755031627372053,7,1,0.6,0.7311772315653299,1,217500,0.25806451612903225,0.5758771929824561,0.5443140428976123
0.6,0.5359649122807018,0.521415270018622,2,1980,0.21966647498562394,6,1,0.6,0.017464424320827954,1,151000,0.2338709677419355,0.5359649122807018,0.657853320742839
0.8,0.6885964912280702,0.5251396648044693,2,2005,0.41633122484186313,8,1,0.5,0.598124191461837,1,275000,0.03225806451612903,0.6885964912280702,0.5571293673276676
0.6,0.4565789473684211,0.36933581626319056,1,1937,0.2564692351926394,6,0,0.6,0.47347994825355755,1,141000,0.5806451612903226,0.4565789473684211,0.515423355366698
0.8,0.6934210526315789,0.6132836747361887,2,1992,0.3410005750431283,8,1,0.5,0.5408150064683053,1,220000,0.13709677419354838,0.6934210526315789,0.5636213408876298
0.7,0.37982456140350873,0.37243947858473,2,2004,0.1529614721104083,4,0,0.5,0.09715394566623545,0,151000,0.04032258064516129,0.37982456140350873,0.8498583569405098
0.7,0.5087719298245614,0.0,2,2002,0.6670500287521565,6,1,0.5,0.7194695989650712,1,221000,0.056451612903225805,0.5087719298245614,0.6090651558073654
0.7,0.724561403508772,0.4965859714463066,2,1965,0.48993674525589426,7,0,0.6,0.7710219922380337,3,205000,0.3548387096774194,0.724561403508772,0.7729664103601781
0.5,0.30964912280701756,0.0,2,1996,0.40598044853364,6,1,0.5,0.6975420439844761,0,152000,0.10483870967741934,0.30964912280701756,0.2518098835379289
0.5,0.7342105263157894,0.5561762880198634,1,1948,0.4473835537665325,8,1,0.8,0.39586028460543343,0,225000,0.49193548387096775,0.7342105263157894,0.6185080264400378
0.4,0.3048245614035088,0.0,1,1961,0.3996549741230593,5,1,0.5,0.4051099611901682,0,118500,0.3870967741935484,0.3048245614035088,0.4050991501416431
0.6,0.306140350877193,0.0,2,1978,0.4013801035077631,6,0,0.6,0.563712807244502,1,148000,0.25,0.306140350877193,0.24551463644948057
0.8,0.6745614035087719,0.35567970204841715,2,2001,0.5549166187464061,7,1,0.5,0.6600905562742562,1,261500,0.06451612903225806,0.6745614035087719,0.6960744637798462
0.5,0.3447368421052632,0.0,0,2007,0.4519838987924095,6,0,0.5,0.43479948253557565,0,147000,0.016129032258064516,0.3447368421052632,0.31476235442241096
0.6,0.3157894736842105,0.0,2,1963,0.4140310523289247,6,1,0.7,0.4605433376455369,0,137500,0.3709677419354839,0.3157894736842105,0.26282656594271314
0.6,0.5153508771929824,0.43575418994413406,2,2002,0.2719953996549741,7,1,0.5,0.39980595084087966,1,183200,0.056451612903225805,0.5153508771929824,0.45123431808984216
0.6,0.21842105263157896,0.0,2,1954,0.2863714778608396,4,0,0.6,0.3587968952134541,0,105500,0.4435483870967742,0.21842105263157896,0.41548630783758256
0.8,0.8456140350877193,0.48417132216014896,3,2003,0.6601495112133411,10,1,0.5,0.6833117723156533,2,305000,0.04838709677419355,0.8456140350877193,0.5014164305949007
0.3,0.2324561403508772,0.0,0,1914,0.3047728579643474,5,1,0.3,0.4248382923673998,0,67000,0.7661290322580645,0.2324561403508772,0.24929178470254953
0.6,1.0,0.6617008069522036,2,1974,0.6981023576768258,9,0,0.7,0.5899094437257438,1,240000,0.282258064516129,1.0,0.8047424194732977
0.5,0.2833333333333333,0.0,2,1977,0.371477860839563,6,0,0.6,0.3482535575679172,0,135000,0.25806451612903225,0.2833333333333333,0.20459553037456724
0.6,0.6385964912280702,0.4829298572315332,2,1972,0.3898792409430708,8,1,0.5,0.5640362225097025,1,165150,0.29838709677419356,0.6385964912280702,0.4898489140698772
0.6,0.3429824561403509,0.0,2,1962,0.44968372627947095,5,0,0.6,0.5381630012936611,0,160000,0.3790322580645161,0.3429824561403509,0.4872521246458923
0.5,0.4771929824561404,0.0,1,1960,0.625646923519264,6,0,0.5,0.6896507115135835,1,139900,0.3951612903225806,0.4771929824561404,0.5524079320113313
0.6,0.5201754385964912,0.0,1,1955,0.6820011500862565,7,1,0.6,0.5122897800776197,2,153000,0.43548387096774194,0.5201754385964912,0.4586537164440847
0.5,0.7657894736842106,0.6455617628801986,2,1969,0.40598044853364,9,0,0.5,0.6420439844760673,2,135000,0.3225806451612903,0.7657894736842106,0.5246039240373517
0.6,0.44561403508771935,0.0,2,1964,0.5842438182863715,6,1,0.5,0.47477360931435963,0,168500,0.3629032258064516,0.44561403508771935,0.49575070821529743
0.8,0.5350877192982456,0.0,2,2006,0.7015526164462335,6,0,0.5,0.18822768434670117,1,209500,0.024193548387096774,0.5350877192982456,0.656279508970727
0.7,0.47236842105263155,0.0,2,1977,0.6193214491086831,6,0,0.5,0.6610608020698577,1,82500,0.25806451612903225,0.47236842105263155,0.5437519672647151
0.5,0.31666666666666665,0.0,1,1954,0.41518113858539396,6,0,0.7,0.4896507115135834,0,139400,0.4435483870967742,0.31666666666666665,0.2644003777148253
0.6,0.31666666666666665,0.0,2,1980,0.41518113858539396,4,2,0.5,0.34275549805950845,0,144000,0.2338709677419355,0.31666666666666665,0.6798866855524079
0.2,0.20438596491228067,0.0,0,1936,0.2679700977573318,4,0,0.3,0.2871927554980595,1,60000,0.5887096774193549,0.20438596491228067,0.37771482530689326
0.5,0.46184210526315794,0.3575418994413408,1,1954,0.27429557216791256,7,0,0.4,0.2794307891332471,0,93000,0.4435483870967742,0.46184210526315794,0.3689464454336975
0.5,0.20263157894736844,0.0,0,1910,0.26566992524439337,4,0,0.7,0.45905562742561445,0,85000,0.7983870967741935,0.20263157894736844,0.3729933899905571
0.8,0.5407894736842105,0.0,3,2006,0.7090281771132836,7,1,0.5,0.14890038809831824,1,264561,0.024193548387096774,0.5407894736842105,0.4903547821394847
0.8,0.519298245614035,0.0,2,2003,0.6808510638297873,6,0,0.5,0.7113195342820181,1,274000,0.04838709677419355,0.519298245614035,0.6279508970727101
0.7,0.6995614035087719,0.5412787088764742,2,2001,0.4157561817136286,7,1,0.5,0.3473479948253558,1,226000,0.06451612903225806,0.6995614035087719,0.734520437070012
0.5,0.5640350877192982,0.521415270018622,2,1969,0.2564692351926394,7,0,0.5,0.5894566623544631,0,152000,0.3225806451612903,0.5640350877192982,0.5261027923917441
0.6,0.2837719298245614,0.0,2,1971,0.37205290396779767,5,1,0.5,0.572445019404916,0,143250,0.3064516129032258,0.2837719298245614,0.3597733711048158
0.5,0.3131578947368421,0.0,2,1950,0.41058079355951704,7,0,0.5,0.3570504527813713,0,98300,0.47580645161290325,0.3131578947368421,0.1402940779711318
0.6,0.3333333333333333,0.0,2,1953,0.4370327774583094,5,0,0.5,0.5673997412677879,2,155000,0.45161290322580644,0.3333333333333333,0.46647780925401316
0.6,0.6600877192982456,0.489137181874612,2,1966,0.41230592294422086,7,0,0.5,0.38939197930142305,1,155000,0.3467741935483871,0.6600877192982456,0.6738162687171185
0.4,0.1298245614035088,0.0,0,1970,0.1702127659574468,3,1,0.6,0.0165588615782665,0,84500,0.31451612903225806,0.1298245614035088,0.4249291784702549
0.7,0.5837719298245614,0.5232774674115456,2,2007,0.2806210465784934,7,0,0.6,0.416882276843467,0,205950,0.016129032258064516,0.5837719298245614,0.5564548765681909
0.4,0.5157894736842106,0.4686530105524519,1,1940,0.242093156986774,7,1,0.5,0.4789133247089262,1,108000,0.5564516129032258,0.5157894736842106,0.45190880884931883
0.7,0.606140350877193,0.5009310986964618,2,1996,0.3306497987349052,7,0,0.5,0.4573091849935317,1,191000,0.10483870967741934,0.606140350877193,0.5908539053014974
0.6,0.4978070175438597,0.44258224705152077,1,1906,0.24266820011500864,7,0,0.7,0.5588615782664942,0,135000,0.8306451612903225,0.4978070175438597,0.42425468771077834
0.6,0.33245614035087717,0.35195530726256985,1,1971,0.10983323749281196,6,0,0.5,0.0,0,88000,0.3064516129032258,0.33245614035087717,0.2927289896128422
0.5,0.31535087719298244,0.0,1,1959,0.41345600920069014,5,1,0.7,0.5386157826649418,0,145500,0.4032258064516129,0.31535087719298244,0.42776203966005655
0.7,0.512280701754386,0.40409683426443205,1,1931,0.29729729729729726,6,0,0.6,0.3570504527813713,1,149000,0.6290322580645161,0.512280701754386,0.6153604028958137
0.5,0.5052631578947369,0.0,2,1964,0.6624496837262795,7,1,0.7,0.5340879689521345,0,167000,0.3629032258064516,0.5052631578947369,0.4357210306218804
0.7,0.7021929824561404,0.49224084419615144,2,1976,0.4646348476135711,7,0,0.7,0.6923673997412678,1,197900,0.2661290322580645,0.7021929824561404,0.7385673816268716
0.6,0.46403508771929824,0.0,2,1968,0.6083956296722255,5,1,0.3,0.7684346701164295,2,110000,0.33064516129032256,0.46403508771929824,0.7478753541076486
0.4,0.3714912280701754,0.0,2,1972,0.48706152961472116,6,1,0.5,0.5389391979301423,0,137500,0.29838709677419356,0.3714912280701754,0.3627636134718287
0.8,0.7026315789473684,0.29919304779639977,2,2000,0.6440483036227718,7,0,0.5,0.6153945666235446,1,230500,0.07258064516129031,0.7026315789473684,0.7392418723863481
0.6,0.5899122807017544,0.0,2,1994,0.7734330074755608,7,1,0.5,0.416882276843467,1,193500,0.12096774193548387,0.5899122807017544,0.5658977472008633
0.5,0.4837719298245614,0.0,2,1956,0.6342725704427833,6,1,0.6,0.8082147477360931,1,168000,0.4274193548387097,0.4837719298245614,0.5642115203021718
0.4,0.3710526315789474,0.0,1,1922,0.4864864864864865,5,0,0.5,0.6416558861578266,1,137500,0.7016129032258065,0.3710526315789474,0.5476864966949953
0.6,0.5008771929824561,0.4581005586592179,2,2005,0.23231742380678552,7,1,0.5,0.4497412677878396,0,173500,0.03225806451612903,0.5008771929824561,0.4289761230271145
0.6,0.45394736842105265,0.4171322160148976,1,1925,0.20874065554916618,6,1,0.6,0.3201164294954722,0,103600,0.6774193548387096,0.45394736842105265,0.510701920050362
0.6,0.3833333333333333,0.0,2,1977,0.5025876940770558,6,1,0.6,0.6190168175937905,1,165000,0.25806451612903225,0.3833333333333333,0.38401007239534146
0.6,0.6600877192982456,0.0,2,1957,0.8654399079930996,7,1,0.7,0.8254851228978008,2,257500,0.41935483870967744,0.6600877192982456,0.6738162687171185
0.6,0.35175438596491226,0.0,1,1965,0.46118458884416336,5,1,0.6,0.4864165588615783,1,140000,0.3548387096774194,0.35175438596491226,0.506137865911237
0.6,0.4855263157894737,0.3637492240844196,2,1978,0.29959746981023583,7,0,0.6,0.03939197930142302,1,148500,0.25,0.4855263157894737,0.40536894644543364
0.4,0.631578947368421,0.42147734326505276,3,1900,0.437607820586544,8,1,0.2,0.5122897800776197,0,87000,0.8790322580645161,0.631578947368421,0.48040604343720483
0.5,0.20087719298245615,0.0,1,1924,0.2633697527314549,5,0,0.8,0.4749029754204399,0,109500,0.6854838709677419,0.20087719298245615,0.18130311614730876
0.5,0.2868421052631579,0.0,2,1961,0.37607820586543994,5,1,0.5,0.5346054333764554,0,128500,0.3870967741935484,0.2868421052631579,0.3663833805476864
0.6,0.2583333333333333,0.0,1,1980,0.33870040253018985,5,0,0.5,0.4095730918499353,1,143000,0.2338709677419355,0.2583333333333333,0.3050047214353162
0.5,0.5201754385964912,0.4171322160148976,1,1932,0.29557216791259344,6,0,0.5,0.18240620957309184,0,159434,0.6209677419354839,0.5201754385964912,0.6295247088448221
0.6,0.4197368421052632,0.0,2,1996,0.550316273720529,6,1,0.5,0.07807244501940491,1,173000,0.10483870967741934,0.4197368421052632,0.4493232609379918
0.9,0.5850877192982457,0.0,3,2002,0.7671075330649799,7,1,0.5,0.6188874514877103,1,285000,0.056451612903225805,0.5850877192982457,0.5584783488466207
0.7,0.6600877192982456,0.39975170701427687,2,1998,0.4951121334100058,7,0,0.5,0.9760672703751617,0,221000,0.08870967741935484,0.6600877192982456,0.6738162687171185
0.7,0.6258771929824561,0.5505896958410925,2,2007,0.3105232892466936,7,0,0.6,0.5515523932729625,0,227875,0.016129032258064516,0.6258771929824561,0.6212059894779443
0.7,0.3368421052631579,0.34202358783364367,2,2004,0.12478435882691205,4,0,0.5,0.22153945666235447,0,148800,0.04032258064516129,0.3368421052631579,0.7341831916902737
0.6,0.4508771929824561,0.0,2,2005,0.5911443358251869,6,0,0.5,0.38143596377749034,1,194700,0.03225806451612903,0.4508771929824561,0.5051935788479698
0.6,0.22543859649122805,0.0,2,2004,0.29557216791259344,3,1,0.5,0.1776196636481242,1,141000,0.04032258064516129,0.22543859649122805,0.7680201447906831
0.5,0.32412280701754387,0.0,1,1921,0.42495687176538244,4,0,0.6,0.24062095730918498,0,108480,0.7096774193548387,0.32412280701754387,0.6999527856468366
0.5,0.5285087719298246,0.29298572315332094,2,1936,0.4215066129959747,5,0,0.6,0.2871927554980595,0,141500,0.5887096774193549,0.5285087719298246,0.886685552407932
0.6,0.35219298245614034,0.0,2,1987,0.461759631972398,5,1,0.6,0.7846701164294955,1,176000,0.1774193548387097,0.35219298245614034,0.5070821529745042
0.5,0.12368421052631579,0.0,1,1921,0.16216216216216214,4,0,0.7,0.2794307891332471,0,89000,0.7096774193548387,0.12368421052631579,0.16052880075542963
0.5,0.3570175438596491,0.0,1,1952,0.46808510638297873,6,0,0.7,0.3065976714100906,0,123500,0.4596774193548387,0.3570175438596491,0.3367957192319798
0.5,0.24561403508771928,0.0,1,1965,0.3220241518113859,5,1,0.8,0.4379042690815007,1,138500,0.3548387096774194,0.24561403508771928,0.2776203966005666
0.7,0.46359649122807023,0.0,2,2004,0.6078205865439908,5,0,0.5,0.16830530401034932,0,196000,0.04032258064516129,0.46359649122807023,0.7469310670443814
0.7,0.36403508771929827,0.0,2,1969,0.4772857964347327,6,0,0.5,0.5122897800776197,0,140000,0.3225806451612903,0.36403508771929827,0.3493862134088762
0.5,0.6482456140350877,0.48417132216014896,2,1900,0.4013801035077631,8,0,0.9,0.3848641655886158,1,140000,0.8790322580645161,0.6482456140350877,0.5028328611898016
0.7,0.5043859649122807,0.0,2,2004,0.6612995974698103,7,1,0.5,0.4346701164294955,0,213000,0.04032258064516129,0.5043859649122807,0.43437204910292726
0.4,0.33245614035087717,0.44692737430167595,0,1930,0.02185163887291547,7,0,0.5,0.2535575679172057,0,55000,0.6370967741935484,0.33245614035087717,0.16997167138810199
0.8,0.4342105263157895,0.0,2,2006,0.5692926969522715,6,1,0.5,0.2949547218628719,1,254000,0.024193548387096774,0.4342105263157895,0.4752911551778407
0.7,0.4921052631578947,0.45189323401613907,2,2007,0.22656699252443932,8,0,0.5,0.47464424320827947,1,179540,0.016129032258064516,0.4921052631578947,0.2927289896128422
0.5,0.25,0.0,1,1966,0.3277745830937321,6,0,0.7,0.35459249676584736,0,109900,0.3467741935483871,0.25,0.14479068303430898
0.3,0.1732456140350877,0.0,0,1935,0.22714203565267396,5,0,0.6,0.15847347994825356,0,52000,0.5967741935483871,0.1732456140350877,0.12181303116147313
0.4,0.37017543859649127,0.19801365611421476,1,1900,0.3018976423231743,7,0,0.7,0.4548512289780078,0,102776,0.8790322580645161,0.37017543859649127,0.2279778767030891
0.8,0.39210526315789473,0.0,2,1988,0.5140885566417481,5,1,0.5,0.19346701164294955,1,189000,0.16935483870967744,0.39210526315789473,0.5930122757318224
0.4,0.27456140350877195,0.0,2,1970,0.3599769982748706,6,1,0.5,0.5299482535575679,0,129000,0.31451612903225806,0.27456140350877195,0.18885741265344658
0.6,0.5021929824561403,0.468032278088144,2,1976,0.2248418631397355,6,0,0.8,0.7656532988357051,0,130500,0.2661290322580645,0.5021929824561403,0.5972615675165249
0.6,0.44561403508771935,0.0,2,1974,0.5842438182863715,7,0,0.5,0.5472186287192756,1,165000,0.282258064516129,0.44561403508771935,0.34399028733306347
0.7,0.9736842105263158,0.6070763500931099,2,1890,0.7142035652673951,8,0,0.8,0.5899094437257438,0,159500,0.9596774193548387,0.9736842105263158,0.940745986779981
0.5,0.37017543859649127,0.0,2,1973,0.48533640023001734,5,0,0.6,0.5381630012936611,1,157000,0.2903225806451613,0.37017543859649127,0.5457979225684608
0.5,0.2793859649122807,0.0,1,1969,0.36630247268545146,5,0,0.6,0.5329883570504528,1,128500,0.3225806451612903,0.2793859649122807,0.3503305004721434
0.6,0.22543859649122805,0.0,2,2004,0.29557216791259344,3,1,0.5,0.1776196636481242,0,143000,0.04032258064516129,0.22543859649122805,0.7680201447906831
0.4,0.2324561403508772,0.0,2,1970,0.3047728579643474,5,0,0.7,0.4165588615782665,0,124500,0.31451612903225806,0.2324561403508772,0.24929178470254953
0.4,0.4982456140350877,0.2936064556176288,1,1954,0.3812535940195515,7,0,0.6,0.4199223803363519,0,135000,0.4435483870967742,0.4982456140350877,0.4249291784702549
0.4,0.2324561403508772,0.0,2,1970,0.3047728579643474,5,0,0.6,0.34152652005174644,0,120500,0.31451612903225806,0.2324561403508772,0.24929178470254953
0.7,0.393859649122807,0.0,2,2007,0.5163887291546866,6,1,0.5,0.36442432082794307,0,194500,0.016129032258064516,0.393859649122807,0.40289581366068616
0.5,0.6324561403508772,0.0,3,1958,0.8292121909143185,9,1,0.5,0.6335705045278137,0,110000,0.41129032258064513,0.6324561403508772,0.36512433112999687
0.4,0.3833333333333333,0.0,2,1925,0.29557216791259344,5,0,0.5,0.2949547218628719,0,103000,0.6774193548387096,0.22543859649122805,0.2341831916902738
0.8,0.5622807017543859,0.0,2,1995,0.7372052903967798,5,1,0.5,0.23990944372574385,1,236500,0.11290322580645162,0.5622807017543859,0.9593956562795087
0.7,0.356140350877193,0.0,2,2003,0.46693502012650956,6,1,0.5,0.5116429495472187,1,187500,0.04838709677419355,0.356140350877193,0.3352219074598678
0.7,0.7442982456140351,0.5450031036623215,2,1998,0.47096032202415183,8,0,0.5,0.6289780077619664,1,222500,0.08870967741935484,0.7442982456140351,0.6320821529745042
0.5,0.35526315789473684,0.0,1,1961,0.4657849338700403,6,1,0.6,0.5381630012936611,1,131400,0.3870967741935484,0.35526315789473684,0.33364809568775566
0.5,0.2692982456140351,0.0,1,1968,0.35307648073605524,6,0,0.5,0.4720569210866753,0,108000,0.33064516129032256,0.2692982456140351,0.17941454202077423
0.7,0.6289473684210526,0.5512104283054003,2,1914,0.3139735480161012,6,0,0.7,0.5899094437257438,2,163000,0.7661290322580645,0.6289473684210526,0.824677368586717
0.3,0.30964912280701756,0.0,2,1950,0.40598044853364,6,0,0.4,0.44398447606727043,0,93500,0.47580645161290325,0.30964912280701756,0.2518098835379289
0.8,0.643421052631579,0.5586592178770949,3,2005,0.32604945370902827,8,0,0.5,0.568111254851229,1,239900,0.03225806451612903,0.643421052631579,0.4963408876298394
0.5,0.37982456140350873,0.0,0,1987,0.4979873490511789,5,3,0.5,0.5899094437257438,0,179000,0.1774193548387097,0.37982456140350873,0.56657223796034
0.7,0.6114035087719298,0.5363128491620112,2,2004,0.3047728579643474,7,0,0.5,0.49372574385511003,0,190000,0.04032258064516129,0.6114035087719298,0.5989477944152164
0.5,0.4815789473684211,0.4121663563004345,2,1910,0.24956871765382402,7,0,0.7,0.5122897800776197,0,132000,0.7983870967741935,0.4815789473684211,0.39929852961014434
0.6,0.2535087719298246,0.0,1,1961,0.332374928119609,5,1,0.8,0.32910737386804656,0,142000,0.3870967741935484,0.2535087719298246,0.29461756373937675
0.7,0.4451754385964912,0.0,2,2000,0.5836687751581369,6,0,0.5,0.4379042690815007,0,179000,0.07258064516129031,0.4451754385964912,0.4949638023292413
0.5,0.4956140350877193,0.0,2,1963,0.649798734905118,6,0,0.6,0.7248382923673997,1,175000,0.3709677419354839,0.4956140350877193,0.5854579792256847
0.8,0.43991228070175437,0.0,2,1993,0.5767682576193215,5,1,0.5,0.24029754204398446,1,180000,0.12903225806451613,0.43991228070175437,0.6959395656279508
0.7,0.8429824561403508,0.792054624456859,2,2000,0.371477860839563,8,0,0.5,0.4602199223803364,1,236000,0.07258064516129031,0.8429824561403508,0.7648725212464589
0.7,0.6078947368421053,0.0,2,1996,0.79700977573318,7,1,0.5,0.5765200517464425,1,260400,0.10483870967741934,0.6078947368421053,0.5935518683394037
0.4,0.5241228070175439,0.2737430167597765,1,1945,0.43358251868890174,9,0,0.3,0.434993531694696,0,98000,0.5161290322580645,0.5241228070175439,0.23554716189277092
0.4,0.35350877192982455,0.21601489757914338,0,1910,0.2633697527314549,7,0,0.7,0.4605433376455369,0,96500,0.7983870967741935,0.35350877192982455,0.20234722784297854
0.7,0.4324561403508772,0.409683426443203,2,2003,0.18746405980448536,6,0,0.5,0.3926261319534282,0,162000,0.04838709677419355,0.4324561403508772,0.47214353163361666
0.6,0.5087719298245614,0.0,2,1997,0.6670500287521565,6,1,0.5,0.48874514877102204,0,217000,0.0967741935483871,0.5087719298245614,0.6090651558073654
0.8,0.7736842105263158,0.6579764121663563,3,2005,0.40483036227717084,8,0,0.5,0.553686934023286,1,275500,0.03225806451612903,0.7736842105263158,0.6716241737488196
0.6,0.30350877192982456,0.0,2,1969,0.39792984473835546,5,1,0.8,0.4042690815006469,0,156000,0.3225806451612903,0.30350877192982456,0.40226628895184124
0.6,0.49868421052631584,0.45251396648044695,2,1999,0.23461759631972398,6,0,0.5,0.10025873221216042,0,172500,0.08064516129032259,0.49868421052631584,0.5909663204280766
0.8,0.6289473684210526,0.5599006828057107,2,2007,0.30592294422081656,7,0,0.5,0.5879042690815006,0,212000,0.016129032258064516,0.6289473684210526,0.6259274247942803
0.6,0.4614035087719298,0.44320297951582865,2,1978,0.19436457734330073,6,0,0.5,0.6426908150064683,1,158900,0.25,0.4614035087719298,0.5240793201133145
0.7,0.5118421052631579,0.4618249534450652,2,1999,0.24324324324324323,6,0,0.5,0.038809831824062085,0,179400,0.08064516129032259,0.5118421052631579,0.6145734970097576
0.8,0.9635964912280702,0.7467411545623837,3,1995,0.5715928694652099,9,0,0.5,0.6841526520051747,1,290000,0.11290322580645162,0.9635964912280702,0.7612002937781974
0.6,0.2324561403508772,0.0,1,1959,0.3047728579643474,5,0,0.6,0.479948253557568,0,127500,0.4032258064516129,0.2324561403508772,0.24929178470254953
0.5,0.4241228070175439,0.0,2,1924,0.5560667050028753,5,0,0.5,0.33835705045278136,0,100000,0.6854838709677419,0.4241228070175439,0.6619452313503305
0.7,0.5320175438596492,0.4860335195530726,2,2009,0.24726854514088556,7,0,0.5,0.4501940491591203,0,215200,0.0,0.5320175438596492,0.47686496694995273
0.8,0.5087719298245614,0.0,2,1995,0.6670500287521565,6,1,0.5,0.5089909443725744,1,270000,0.11290322580645162,0.5087719298245614,0.6090651558073654
0.9,0.5140350877192983,0.0,2,2008,0.6739505462909718,6,0,0.5,0.8348641655886159,1,264132,0.008064516129032258,0.5140350877192983,0.6185080264400378
0.7,0.6052631578947368,0.45561762880198636,2,1988,0.371477860839563,7,0,0.5,0.5653945666235447,1,196500,0.16935483870967744,0.6052631578947368,0.589504923782544
0.6,0.6210526315789474,0.4761018001241465,1,1940,0.37320299022426684,7,1,0.7,0.7003880983182407,0,160000,0.5564516129032258,0.6210526315789474,0.6137865911237015
0.7,0.6587719298245615,0.0,2,2004,0.8637147786083957,8,0,0.5,0.479948253557568,1,216837,0.04032258064516129,0.6587719298245615,0.51699716713881
0.5,0.22982456140350876,0.0,2,1982,0.30132259919493964,5,1,0.5,0.3604139715394567,0,134900,0.21774193548387097,0.22982456140350876,0.24362606232294615
0.4,0.38859649122807016,0.0,2,1951,0.5094882116158712,6,0,0.5,0.4655239327296249,0,102000,0.46774193548387094,0.38859649122807016,0.3934529430280138
0.6,0.34342105263157896,0.0,2,1976,0.4502587694077056,6,1,0.5,0.3970892626131953,1,107000,0.2661290322580645,0.34342105263157896,0.31240163676424293
0.5,0.2535087719298246,0.0,1,1958,0.332374928119609,5,0,0.5,0.5478654592496766,0,114500,0.41129032258064513,0.2535087719298246,0.29461756373937675
0.6,0.381578947368421,0.0,2,1998,0.5002875215641174,5,1,0.5,0.18240620957309184,0,162000,0.08870967741935484,0.381578947368421,0.5703493862134088
0.7,0.5614035087719298,0.0,3,2005,0.7360552041403106,7,0,0.5,0.6164294954721863,0,221500,0.03225806451612903,0.5614035087719298,0.5220558478348847
0.5,0.24561403508771928,0.0,2,1974,0.3220241518113859,5,1,0.5,0.7548512289780078,1,142500,0.282258064516129,0.24561403508771928,0.2776203966005666
0.5,0.7394736842105263,0.0,2,1977,0.9695227142035653,10,0,0.5,0.4346701164294955,2,144000,0.25806451612903225,0.7394736842105263,0.3871576959395656
0.6,0.293859649122807,0.0,2,1977,0.3852788959171938,4,1,0.5,0.572445019404916,0,135000,0.25806451612903225,0.293859649122807,0.6185080264400378
0.7,0.40307017543859647,0.0,2,1995,0.5284646348476136,6,0,0.5,0.40071151358344115,1,176000,0.11290322580645162,0.40307017543859647,0.4194208372678627
0.6,0.5565789473684211,0.49224084419615144,2,1992,0.27372052903967803,7,0,0.5,0.3540103492884864,0,175900,0.13709677419354838,0.5565789473684211,0.5146364494806421
0.7,0.48070175438596496,0.0,2,2001,0.6302472685451409,6,0,0.5,0.9446959896507116,0,187100,0.06451612903225806,0.48070175438596496,0.5587031790997796
0.5,0.34035087719298246,0.0,2,1978,0.4462334675100633,4,1,0.6,0.48001293661060807,1,165500,0.25,0.34035087719298246,0.743626062322946
0.6,0.5043859649122807,0.4605834885164494,0,1914,0.23461759631972398,9,0,0.6,0.2988357050452781,1,128000,0.7661290322580645,0.5043859649122807,0.21193998531109004
0.6,0.4421052631578948,0.0,2,1967,0.5796434732604946,7,0,0.5,0.5245795601552393,1,161500,0.3387096774193548,0.4421052631578948,0.33859436125725073
0.5,0.5780701754385965,0.42582247051520794,1,1915,0.36342725704427836,7,1,0.6,0.5899094437257438,0,139000,0.7580645161290323,0.5780701754385965,0.5476864966949953
0.7,0.7675438596491229,0.7001862197392924,2,2004,0.35767682576193216,8,1,0.5,0.5473479948253558,0,233000,0.04032258064516129,0.7675438596491229,0.6633616619452314
0.4,0.24868421052631579,0.0,1,1954,0.32604945370902827,4,0,0.7,0.2794307891332471,0,107900,0.4435483870967742,0.24868421052631579,0.4969310670443814
0.6,0.768859649122807,0.6896337678460583,2,1966,0.36917768832662456,9,0,0.8,0.6807891332470893,0,187500,0.3467741935483871,0.768859649122807,0.5282761515056131
0.7,0.35570175438596496,0.0,2,2005,0.4663599769982749,5,0,0.5,0.09715394566623545,1,160200,0.03225806451612903,0.35570175438596496,0.5146364494806421
0.6,0.3192982456140351,0.0,2,1976,0.4186313973548017,5,1,0.5,0.624385510996119,2,146800,0.2661290322580645,0.3192982456140351,0.4362606232294617
0.7,0.7364035087719298,0.5499689633767846,2,1996,0.4560092006900518,8,1,0.5,0.5329883570504528,1,269790,0.10483870967741934,0.7364035087719298,0.6214589235127479
0.8,0.5096491228070176,0.0,2,2007,0.6682001150086256,7,0,0.5,0.48369987063389397,0,225000,0.016129032258064516,0.5096491228070176,0.4424659382166465
0.7,0.6846491228070175,0.5021725636250776,2,1994,0.43243243243243246,7,0,0.5,0.5919793014230272,1,194500,0.12096774193548387,0.6846491228070175,0.7115877512478079
0.6,0.5394736842105263,0.4196151458721291,2,1980,0.31857389304197814,7,0,0.6,0.4346701164294955,1,171000,0.2338709677419355,0.5394736842105263,0.4883313098610549
0.6,0.41710526315789476,0.0,2,1977,0.5468660149511214,7,0,0.5,0.4215394566623545,1,143500,0.25806451612903225,0.41710526315789476,0.3001483879670849
0.5,0.1925438596491228,0.0,1,1953,0.25244393329499715,4,0,0.5,0.38790426908150066,0,110000,0.45161290322580644,0.1925438596491228,0.3458451369216241
0.5,0.6289473684210526,0.48851644941030414,1,1937,0.37205290396779767,7,1,0.7,0.3570504527813713,2,175000,0.5806451612903226,0.6289473684210526,0.6259274247942803
0.6,0.593859649122807,0.6654252017380509,2,1997,0.16216216216216214,8,1,0.5,0.7191461836998707,0,200000,0.0967741935483871,0.593859649122807,0.4296506137865911
0.4,0.37807017543859645,0.0,2,1916,0.49568717653824046,5,1,0.7,0.20181112548512292,0,109900,0.75,0.37807017543859645,0.5627950897072709
0.7,0.4921052631578947,0.45189323401613907,2,2005,0.22656699252443932,7,1,0.5,0.42166882276843465,1,189000,0.03225806451612903,0.4921052631578947,0.41548630783758256
0.5,0.3482456140350877,0.0,1,1954,0.45658424381828644,5,0,0.5,0.47347994825355755,0,118000,0.4435483870967742,0.3482456140350877,0.49858356940509907
0.7,0.4798245614035088,0.0,2,2008,0.6290971822886717,6,0,0.5,0.6852522639068565,0,227680,0.008064516129032258,0.4798245614035088,0.5571293673276676
0.5,0.2833333333333333,0.0,1,1967,0.371477860839563,6,0,0.5,0.5219922380336353,0,135500,0.3387096774193548,0.2833333333333333,0.20459553037456724
0.5,0.32982456140350874,0.0,2,1966,0.43243243243243246,6,1,0.5,0.7580853816300129,1,159950,0.3467741935483871,0.32982456140350874,0.28800755429650604
0.5,0.7912280701754386,0.65983860955928,2,1898,0.4261069580218517,11,0,0.5,0.4152652005174644,0,106000,0.8951612903225806,0.7912280701754386,0.35110309897845304
0.6,0.4276315789473685,0.0,2,1974,0.5606670500287522,5,1,0.6,0.5472186287192756,1,181000,0.282258064516129,0.4276315789473685,0.6694995278564684
0.6,0.22543859649122805,0.0,2,2004,0.29557216791259344,4,1,0.5,0.17839586028460547,1,144500,0.04032258064516129,0.22543859649122805,0.43437204910292726
0.5,0.31140350877192985,0.0,2,1952,0.4082806210465786,4,0,0.5,0.4548512289780078,0,55993,0.4596774193548387,0.31140350877192985,0.6657223796033993
0.6,0.4859649122807017,0.0,1,1958,0.6371477860839564,7,0,0.6,0.5219922380336353,0,157900,0.41129032258064513,0.4859649122807017,0.4060434372049102
0.5,0.4017543859649123,0.3500931098696462,1,1918,0.2024151811385854,7,0,0.7,0.4248382923673998,0,116000,0.7338709677419355,0.4017543859649123,0.276541211385404
0.7,0.5820175438596491,0.0,2,1998,0.7630822311673376,6,0,0.5,0.6763906856403622,0,224900,0.08870967741935484,0.5820175438596491,0.740478438778722
0.5,0.2956140350877193,0.0,1,1954,0.38757906843013235,4,0,0.6,0.6303363518758086,1,137000,0.4435483870967742,0.2956140350877193,0.6232294617563738
0.8,0.5942982456140351,0.0,3,2002,0.7791834387579069,7,1,0.5,0.749353169469599,2,271000,0.056451612903225805,0.5942982456140351,0.5726426547956291
0.6,0.31491228070175437,0.0,2,1971,0.4128809660724555,6,1,0.7,0.46157826649417855,0,155000,0.3064516129032258,0.31491228070175437,0.26125275417060123
0.7,0.4491228070175438,0.0,2,2009,0.5888441633122484,6,1,0.5,0.3034282018111255,1,224000,0.0,0.4491228070175438,0.5020459553037457
0.7,0.5728070175438597,0.5226567349472377,2,2003,0.26682001150086254,6,0,0.5,0.358732212160414,0,183000,0.04838709677419355,0.5728070175438597,0.7239534151715454
0.4,0.26403508771929823,0.0,2,1953,0.34617596319723987,4,0,0.4,0.2794307891332471,0,93000,0.45161290322580644,0.26403508771929823,0.5382436260623229
0.7,0.6135964912280701,0.5499689633767846,2,2003,0.2949971247843588,7,0,0.5,0.6930142302716689,1,225000,0.04838709677419355,0.6135964912280701,0.6023202482125996
0.6,0.506578947368421,0.3382991930477964,1,1940,0.3507763082231168,7,0,0.7,0.5316946959896507,1,139500,0.5564516129032258,0.506578947368421,0.4377445029003102
0.8,0.506578947368421,0.0,2,2006,0.6641748131109834,7,0,0.5,0.6168175937904269,1,232600,0.024193548387096774,0.506578947368421,0.4377445029003102
0.5,0.19736842105263158,0.0,0,1924,0.2587694077055779,5,1,0.6,0.28783958602846055,0,109500,0.6854838709677419,0.19736842105263158,0.17374881964117095
0.7,0.48245614035087714,0.0,2,2001,0.6325474410580794,6,0,0.5,0.44301423027166886,1,189000,0.06451612903225806,0.48245614035087714,0.5618508026440037
0.7,0.38991228070175443,0.3867163252638113,2,2005,0.10695802185163886,4,0,0.5,0.05588615782664941,0,147400,0.03225806451612903,0.3548245614035088,0.7825779036827194
0.6,0.46403508771929824,0.0,2,1957,0.6083956296722255,6,1,0.5,0.6610608020698577,2,166000,0.41935483870967744,0.46403508771929824,0.5288007554296505
0.7,0.37982456140350873,0.37243947858473,2,2005,0.10695802185163886,4,0,0.5,0.09702457956015526,0,151000,0.03225806451612903,0.3447368421052632,0.7554296506137865
0.7,0.6557017543859649,0.5512104283054003,2,2003,0.34905117883841297,7,1,0.6,0.5089262613195343,1,237000,0.04838709677419355,0.6557017543859649,0.6670713611223524
0.6,0.5184210526315789,0.0,2,1964,0.679700977573318,6,0,0.6,0.5384217335058215,0,167000,0.3629032258064516,0.5184210526315789,0.6263770853005979
0.5,0.35526315789473684,0.0,2,1961,0.4657849338700403,6,1,0.6,0.40071151358344115,0,139950,0.3870967741935484,0.35526315789473684,0.33364809568775566
0.4,0.32149122807017544,0.0,2,1950,0.4215066129959747,4,0,0.7,0.5122897800776197,0,128000,0.47580645161290325,0.32149122807017544,0.6928706326723324
0.5,0.5372807017543859,0.0,2,1948,0.7044278320874066,5,1,0.6,0.4152652005174644,0,153500,0.49193548387096775,0.5372807017543859,0.9055712936732767
0.6,0.2864035087719298,0.3128491620111732,1,1973,0.08568142610695803,5,1,0.5,0.0,0,100000,0.2903225806451613,0.2864035087719298,0.3654390934844193
0.5,0.3355263157894737,0.0,1,1995,0.4399079930994825,6,0,0.6,0.5074385510996119,0,144000,0.11290322580645162,0.3355263157894737,0.2982373308152344
0.5,0.37982456140350873,0.2681564245810056,1,1946,0.24956871765382402,6,0,0.6,0.6524579560155239,0,130500,0.5080645161290323,0.37982456140350873,0.37771482530689326
0.6,0.5035087719298246,0.4171322160148976,1,1925,0.27372052903967803,7,0,0.8,0.6775549805950841,0,140000,0.6774193548387096,0.5035087719298246,0.43302306758397413
0.5,0.5285087719298246,0.3606455617628802,2,1904,0.35882691201840144,8,0,0.8,0.5666235446313066,1,157500,0.8467741935483871,0.5285087719298246,0.34171388101983
0.6,0.3644736842105263,0.0,2,1966,0.4778608395629672,6,1,0.7,0.47477360931435963,0,174900,0.3467741935483871,0.3644736842105263,0.3501731192949322
0.5,0.6429824561403509,0.0,0,1961,0.8430132259919495,10,0,0.4,0.4087968952134541,0,141000,0.3870967741935484,0.6429824561403509,0.28328611898017
0.5,0.47456140350877196,0.33519553072625696,3,1915,0.31167337550316276,7,0,0.8,0.7105433376455369,1,153900,0.7580645161290323,0.47456140350877196,0.38850667745851875
0.5,0.599561403508772,0.0,2,1975,0.7860839562967223,6,1,0.5,0.9681112548512291,2,171000,0.27419354838709675,0.599561403508772,0.7719546742209631
0.7,0.6320175438596491,0.47734326505276226,2,1993,0.38642898217366306,7,1,0.5,0.49398447606727036,1,213000,0.12903225806451613,0.6320175438596491,0.6306488601106164
0.5,0.2324561403508772,0.0,1,1972,0.3047728579643474,5,1,0.6,0.8954075032341527,1,133500,0.29838709677419356,0.2324561403508772,0.24929178470254953
0.6,0.6671052631578948,0.4723774053382992,2,1976,0.4370327774583094,7,0,0.7,0.5122897800776197,1,187000,0.2661290322580645,0.6671052631578948,0.684608120868744
0.6,0.22543859649122805,0.0,2,2003,0.29557216791259344,3,1,0.5,0.1782018111254851,0,131500,0.04838709677419355,0.22543859649122805,0.7680201447906831
0.8,0.4921052631578947,0.0,2,2003,0.6451983898792409,7,0,0.5,0.0980595084087969,1,215000,0.04838709677419355,0.4921052631578947,0.41548630783758256
0.7,0.5754385964912281,0.45189323401613907,1,1941,0.33582518688901675,7,0,0.5,0.35239327296248385,2,164000,0.5483870967741935,0.5754385964912281,0.5436395521381356
0.6,0.487280701754386,0.0,2,1964,0.6388729154686602,7,0,0.6,0.6736739974126779,1,158000,0.3629032258064516,0.487280701754386,0.40806690948334
0.5,0.30964912280701756,0.0,1,1962,0.40598044853364,6,1,0.8,0.33745148771021993,0,127000,0.3790322580645161,0.30964912280701756,0.2518098835379289
0.6,0.30350877192982456,0.0,2,1978,0.39792984473835546,5,1,0.6,0.6009055627425615,0,147000,0.25,0.30350877192982456,0.40226628895184124
0.6,0.5030701754385964,0.4835505896958411,2,1994,0.21161587119033928,6,0,0.5,0.416882276843467,1,174000,0.12096774193548387,0.5030701754385964,0.5988353792886372
0.7,0.45438596491228067,0.0,2,1976,0.5957446808510639,6,0,0.5,0.5640362225097025,1,152000,0.2661290322580645,0.45438596491228067,0.5114888259364181
0.7,0.4789473684210527,0.319056486654252,1,1918,0.332374928119609,7,0,0.8,0.38564036222509707,1,189950,0.7338709677419355,0.4789473684210527,0.3952515850532847
0.5,0.3092105263157895,0.0,2,1965,0.4054054054054055,6,1,0.4,0.6432729624838293,0,131500,0.3548387096774194,0.3092105263157895,0.25102297765187276
0.6,0.33464912280701753,0.0,2,1984,0.4387579068430133,6,0,0.5,0.5169469598965072,0,152000,0.20161290322580644,0.33464912280701753,0.2966635190431225
0.5,0.3570175438596491,0.0,1,1959,0.46808510638297873,6,1,0.5,0.40433376455368697,0,132500,0.4032258064516129,0.3570175438596491,0.3367957192319798
0.7,0.4552631578947368,0.0,2,2007,0.5968947671075331,6,0,0.5,0.4501940491591203,0,250580,0.016129032258064516,0.4552631578947368,0.5130626377085299
0.5,0.2929824561403509,0.0,2,1970,0.3841288096607246,5,1,0.6,0.4573091849935317,0,148500,0.31451612903225806,0.2929824561403509,0.3796033994334277
0.8,0.5754385964912281,0.0,3,2006,0.7544565842438183,6,0,0.5,0.580595084087969,1,248900,0.024193548387096774,0.5754385964912281,0.7286748504878815
0.4,0.3447368421052632,0.0,2,1961,0.4519838987924095,5,1,0.5,0.3421733505821475,0,129000,0.3870967741935484,0.3447368421052632,0.49102927289896114
0.5,0.8710526315789474,0.44692737430167595,2,1948,0.6975273145485912,7,0,0.6,0.8461836998706339,1,169000,0.49193548387096775,0.8478070175438597,0.9624983137731011
0.7,0.7083333333333334,0.5505896958410925,2,1993,0.4186313973548017,8,1,0.5,0.5341526520051747,1,236000,0.12903225806451613,0.7083333333333334,0.5836874409820585
0.5,0.24561403508771928,0.0,1,1962,0.3220241518113859,5,0,0.5,0.3182406209573092,0,109500,0.3790322580645161,0.24561403508771928,0.2776203966005666
0.6,0.5912280701754385,0.5450031036623215,2,1998,0.2702702702702703,7,0,0.5,0.4573091849935317,0,200500,0.08870967741935484,0.5912280701754385,0.5679212194792931
0.5,0.25263157894736843,0.0,2,1953,0.3312248418631397,5,0,0.7,0.46649417852522646,0,116000,0.45161290322580644,0.25263157894736843,0.2927289896128422
0.5,0.4096491228070176,0.0,1,1949,0.40368027602070156,6,0,0.7,0.676843467011643,1,133000,0.4838709677419355,0.3078947368421053,0.24866225999370462
0.5,0.3495614035087719,0.2824332712600869,1,1941,0.19666474985623925,5,0,0.6,0.2613195342820181,0,66500,0.5483870967741935,0.3495614035087719,0.5014164305949007
0.8,0.9982456140350878,0.8851644941030415,2,2007,0.48878665899942497,11,0,0.5,0.47347994825355755,1,303477,0.016129032258064516,0.9982456140350878,0.5536955961885139
0.5,0.36008771929824557,0.0,2,1961,0.4721104082806211,6,1,0.7,0.6534282018111255,0,148000,0.3870967741935484,0.36008771929824557,0.342304060434372
0.5,0.2324561403508772,0.0,1,1978,0.3047728579643474,6,1,0.8,0.3441138421733506,0,136500,0.25,0.2324561403508772,0.11331444759206799
0.5,0.33157894736842103,0.0,2,2005,0.4347326049453709,5,1,0.5,0.3456662354463131,0,157000,0.03225806451612903,0.33157894736842103,0.4627006610009443
0.7,0.6065789473684211,0.32898820608317814,2,1990,0.4905117883841289,7,0,0.5,0.78124191461837,1,187500,0.1532258064516129,0.6065789473684211,0.5915283960609738
0.6,0.5521929824561403,0.4872749844816884,2,1992,0.27257044278320874,7,0,0.5,0.5146183699870635,1,178000,0.13709677419354838,0.5521929824561403,0.5078915418858763
0.4,0.8315789473684211,0.4934823091247672,1,1912,0.356526739505463,10,1,0.5,0.29262613195342824,0,118500,0.782258064516129,0.6206140350877193,0.2592067988668555
0.5,0.24473684210526314,0.0,1,1967,0.3208740655549167,5,0,0.5,0.3538163001293661,0,100000,0.3387096774193548,0.24473684210526314,0.27573182247403205
0.5,0.6043859649122807,0.0,2,1959,0.7924094307073031,8,0,0.5,0.4342173350582148,0,145000,0.4032258064516129,0.6043859649122807,0.4438149197355996
0.5,0.46447368421052626,0.3234016139044072,1,1955,0.3093732029902243,8,0,0.7,0.9564036222509703,0,135500,0.43548387096774194,0.46447368421052626,0.2555476864966949
0.6,0.5135964912280702,0.0,2,1953,0.6733755031627372,6,1,0.4,0.6778783958602846,1,149500,0.45161290322580644,0.5135964912280702,0.6177211205539817
0.5,0.2587719298245614,0.1564245810055866,2,1949,0.19436457734330073,6,0,0.7,0.41293661060802067,1,122900,0.4838709677419355,0.2587719298245614,0.16052880075542963
0.6,0.5916666666666667,0.4748603351955307,2,1978,0.33582518688901675,7,0,0.5,0.6147477360931436,1,172500,0.25,0.5916666666666667,0.5685957102387695
0.6,0.3219298245614035,0.0,1,1963,0.42208165612420934,6,0,0.8,0.435575679172057,0,154500,0.3709677419354839,0.3219298245614035,0.2738432483474976
0.5,0.46008771929824566,0.0,1,1954,0.6032202415181139,6,1,0.5,0.750582147477361,1,165000,0.4435483870967742,0.46008771929824566,0.5217186024551463
0.5,0.5267543859649123,0.0,2,1979,0.6906267970097758,8,0,0.5,0.3452781371280725,0,118858,0.24193548387096775,0.5267543859649123,0.3393531633616619
0.6,0.6412280701754386,0.5046554934823091,2,1963,0.37320299022426684,8,1,0.5,0.3477360931435964,1,140000,0.3709677419354839,0.6412280701754386,0.4933899905571293
0.4,0.2706140350877193,0.0,1,1936,0.35480161012075906,6,0,0.6,0.45827943078913325,0,106500,0.5887096774193549,0.2706140350877193,0.18177525967894237
0.5,0.8359649122807018,0.6952203600248293,2,1979,0.4519838987924095,12,0,0.5,0.3452781371280725,0,142953,0.24193548387096775,0.8359649122807018,0.31476235442241096
0.5,0.3956140350877193,0.0,1,1961,0.5186889016676252,6,0,0.7,0.3436610608020699,1,135000,0.3870967741935484,0.3956140350877193,0.4060434372049102
0.4,0.22982456140350876,0.0,1,1971,0.30132259919493964,4,0,0.6,0.36610608020698576,0,110000,0.3064516129032258,0.22982456140350876,0.44617563739376775
0.5,0.4263157894736842,0.0,1,1957,0.5589419206440484,5,1,0.7,0.4548512289780078,0,153000,0.41935483870967744,0.4263157894736842,0.6666666666666665
0.7,0.5153508771929824,0.43575418994413406,2,2003,0.2719953996549741,8,0,0.5,0.40071151358344115,1,180000,0.04838709677419355,0.5153508771929824,0.3240084985835694
0.7,0.5859649122807018,0.0,3,2006,0.7682576193214492,7,0,0.5,0.852457956015524,1,240000,0.024193548387096774,0.5859649122807018,0.5598273303655741
0.5,0.24912280701754386,0.0,1,1967,0.3266244968372628,6,0,0.6,0.290620957309185,0,125500,0.3387096774193548,0.24912280701754386,0.14321687126219707
0.5,0.31973684210526315,0.0,1,1954,0.41920644048303624,6,1,0.5,0.5329883570504528,0,128000,0.4435483870967742,0.31973684210526315,0.26990871891721746
0.8,0.5710526315789474,0.0,3,2006,0.7487061529614721,8,1,0.5,0.7646183699870635,1,255000,0.024193548387096774,0.5710526315789474,0.398961284230406
0.5,0.24912280701754386,0.0,2,1983,0.3266244968372628,5,1,0.5,0.46604139715394566,0,131000,0.20967741935483872,0.24912280701754386,0.2851746931067044
0.6,0.5043859649122807,0.4605834885164494,2,2005,0.23461759631972398,8,0,0.5,0.705627425614489,1,174000,0.03225806451612903,0.5043859649122807,0.3092540132200189
0.5,0.8508771929824561,0.7256362507759155,2,1960,0.4433582518688902,12,0,0.5,0.6416558861578266,0,154300,0.3951612903225806,0.8508771929824561,0.3281397544853635
0.5,0.4096491228070176,0.0,1,1977,0.5370902817711328,5,0,0.7,0.49197930142302715,0,143500,0.25806451612903225,0.4096491228070176,0.6307837582625118
0.5,0.2986842105263158,0.0,1,1925,0.3916043703277746,6,0,0.7,0.2871927554980595,0,88000,0.6774193548387096,0.2986842105263158,0.23213723638652806
0.5,0.7315789473684211,0.6213531967721911,3,1949,0.38355376653248996,8,0,0.6,0.29689521345407505,0,145000,0.4838709677419355,0.7315789473684211,0.6149669499527857
0.6,0.39035087719298245,0.37988826815642457,2,2009,0.15986198964922368,4,0,0.5,0.08538163001293661,0,173733,0.0,0.39035087719298245,0.8781869688385269
0.4,0.33245614035087717,0.33891992551210426,1,1970,0.12190914318573895,6,0,0.5,0.020763260025873226,0,75000,0.31451612903225806,0.33245614035087717,0.2927289896128422
0.2,0.06403508771929825,0.0,1,1949,0.08395629672225416,4,1,0.3,0.47347994825355755,0,35311,0.4838709677419355,0.06403508771929825,0.0
0.4,0.39254385964912275,0.0,1,1956,0.5146635997699828,6,0,0.6,1.0,0,135000,0.4274193548387097,0.39254385964912275,0.40053509600251813
0.7,0.7864035087719299,0.7541899441340782,3,1991,0.332374928119609,8,1,0.5,0.7402975420439845,1,238000,0.14516129032258066,0.7864035087719299,0.6887393767705381
0.6,0.4736842105263158,0.0,2,1958,0.6210465784933871,6,1,0.8,0.6047218628719275,1,176500,0.41129032258064513,0.4736842105263158,0.5461126849228832
0.6,0.6083333333333333,0.4872749844816884,2,1994,0.34617596319723987,7,0,0.5,0.4386804657179819,0,201000,0.12096774193548387,0.6083333333333333,0.5942263590988803
0.5,0.8184210526315789,0.5760397268777157,0,1900,0.5393904542840714,9,2,0.7,0.45905562742561445,0,145900,0.8790322580645161,0.8184210526315789,0.5875563949218341
0.6,0.4307017543859649,0.0,2,2005,0.5646923519263946,6,0,0.5,0.5534928848641656,1,169990,0.03225806451612903,0.4307017543859649,0.4689959080893924
0.6,0.5627192982456141,0.0,2,1993,0.7377803335250144,5,1,0.5,0.4095730918499353,1,193000,0.12903225806451613,0.5627192982456141,0.960339943342776
0.6,0.5929824561403508,0.0,2,1980,0.777458309373203,7,1,0.6,0.553686934023286,1,207500,0.2338709677419355,0.5929824561403508,0.5706191825171996
0.5,0.3473684210526316,0.0,2,1977,0.45543415756181715,6,0,0.6,0.9010996119016818,0,175000,0.25806451612903225,0.3473684210526316,0.31948378973874714
0.8,0.8947368421052632,0.707635009310987,3,2003,0.5175388154111559,10,0,0.5,0.667464424320828,1,285000,0.04838709677419355,0.8947368421052632,0.554296506137866
0.7,0.7210526315789474,0.5462445685909373,2,1968,0.43933294997124783,9,0,0.5,0.5316946959896507,1,176000,0.33064516129032256,0.7210526315789474,0.47109432378554184
0.8,0.637719298245614,0.0,2,2001,0.836112708453134,7,0,0.5,0.6570504527813713,1,236500,0.06451612903225806,0.637719298245614,0.6394172399838121
0.7,0.8342105263157895,0.771570453134699,2,1997,0.37895342150661304,8,0,0.5,0.7326002587322122,1,222000,0.0967741935483871,0.8342105263157895,0.7530689329556184
0.8,0.4964912280701754,0.0,3,2007,0.6509488211615871,7,0,0.5,0.46862871927554983,0,201000,0.016129032258064516,0.4964912280701754,0.42223121543234843
0.5,0.25921052631578945,0.0,1,1965,0.339850488786659,5,0,0.6,0.479948253557568,0,117500,0.3548387096774194,0.25921052631578945,0.30689329556185074
0.7,0.5114035087719299,0.0,2,2004,0.6705002875215642,6,0,0.5,0.4402975420439845,0,190000,0.04032258064516129,0.5114035087719299,0.6137865911237015
0.4,0.181140350877193,0.0,2,1926,0.23749281196089708,5,0,0.5,0.268111254851229,0,79900,0.6693548387096774,0.181140350877193,0.1388101983002833
0.7,0.37982456140350873,0.0,2,2003,0.4979873490511789,5,1,0.5,0.5435316946959897,0,184900,0.04838709677419355,0.37982456140350873,0.56657223796034
0.7,0.7179824561403508,0.5325884543761639,2,2005,0.44795859689476714,8,0,0.5,0.5171410090556274,1,253000,0.03225806451612903,0.7179824561403508,0.596671388101983
0.7,0.7140350877192982,0.3544382371198014,3,2006,0.6078205865439908,7,0,0.5,0.4579560155239327,0,239799,0.024193548387096774,0.7140350877192982,0.7567786321327397
0.6,0.6114035087719298,0.0,2,1976,0.801610120759057,8,0,0.5,0.7089262613195343,0,150900,0.2661290322580645,0.6114035087719298,0.45325779036827196
0.7,0.7570175438596491,0.6443202979515829,2,1999,0.3956296722254169,8,1,0.5,0.4576326002587322,1,214000,0.08064516129032259,0.7570175438596491,0.6491973559962227
0.4,0.48508771929824557,0.0,0,1977,0.6359976998274871,8,2,0.3,0.3901034928848642,0,150000,0.25806451612903225,0.48508771929824557,0.28328611898017
0.6,0.4429824561403509,0.0,2,1958,0.5807935595169638,7,0,0.6,0.8211513583441139,1,137500,0.41129032258064513,0.4429824561403509,0.33994334277620397
0.5,0.6732456140350878,0.34823091247672255,2,1890,0.49108683151236343,7,0,0.6,0.461836998706339,0,124900,0.9596774193548387,0.6206140350877193,0.613112100364225
0.5,0.35526315789473684,0.0,1,1959,0.4657849338700403,6,1,0.6,0.4193402328589909,1,143000,0.4032258064516129,0.35526315789473684,0.33364809568775566
0.8,0.5679824561403509,0.0,3,2002,0.7446808510638299,9,1,0.5,0.8315653298835706,1,270000,0.056451612903225805,0.5679824561403509,0.28800755429650604
0.7,0.6324561403508772,0.521415270018622,2,2002,0.34617596319723987,7,0,0.5,0.7972833117723157,1,192500,0.056451612903225805,0.6324561403508772,0.6313233508700931
0.6,0.4592105263157895,0.0,2,1972,0.6020701552616446,5,1,0.7,0.4967658473479949,1,197500,0.29838709677419356,0.4592105263157895,0.737488196411709
0.5,0.2324561403508772,0.0,2,1950,0.3047728579643474,5,1,0.8,0.3570504527813713,0,129000,0.47580645161290325,0.2324561403508772,0.24929178470254953
0.5,0.27675438596491225,0.0,1,1965,0.3628522139160437,6,1,0.5,0.39586028460543343,0,119900,0.3548387096774194,0.27675438596491225,0.19279194208372674
0.5,0.19035087719298244,0.0,1,1972,0.24956871765382402,5,0,0.8,0.3570504527813713,0,133900,0.29838709677419356,0.19035087719298244,0.1586402266288951
0.5,0.7166666666666667,0.4965859714463066,2,1969,0.47958596894767114,7,0,0.4,0.6076972833117723,1,172000,0.3225806451612903,0.7166666666666667,0.7608255766895995
0.6,0.2833333333333333,0.0,0,1975,0.371477860839563,4,0,0.5,0.49935316946959896,0,127500,0.27419354838709675,0.2833333333333333,0.5901794145420207
0.6,0.712280701754386,0.6076970825574177,2,1946,0.3709028177113284,8,0,0.6,0.3529107373868047,0,145000,0.5080645161290323,0.712280701754386,0.5889990557129368
0.5,0.3171052631578947,0.0,2,1962,0.4157561817136286,6,0,0.5,0.37128072445019406,0,132000,0.3790322580645161,0.3171052631578947,0.2651872836008813
0.7,0.43991228070175437,0.0,2,2003,0.5767682576193215,6,1,0.5,0.4379042690815007,0,185000,0.04838709677419355,0.43991228070175437,0.4855209316965692
0.7,0.47456140350877196,0.44692737430167595,2,1999,0.2081656124209316,6,1,0.5,0.05769728331177232,0,155000,0.08064516129032259,0.47456140350877196,0.5476864966949953
0.5,0.22982456140350876,0.0,0,1958,0.30132259919493964,4,1,0.7,0.357503234152652,0,116500,0.41129032258064513,0.22982456140350876,0.44617563739376775
0.6,0.5324561403508772,0.4618249534450652,2,1976,0.2702702702702703,7,1,0.6,0.040620957309184996,1,155000,0.2661290322580645,0.5324561403508772,0.4775394577094294
0.9,0.6429824561403509,0.0,2,2007,0.8430132259919495,7,0,0.5,0.6625485122897801,0,239000,0.016129032258064516,0.6429824561403509,0.6475111290975315
0.7,0.6842105263157895,0.6641837368094351,2,2002,0.2817711328349626,8,1,0.5,0.6232858990944373,1,214900,0.056451612903225805,0.6842105263157895,0.5512275731822474
0.6,0.5043859649122807,0.4351334574798262,2,2005,0.25819436457734335,8,0,0.5,0.5534928848641656,1,178900,0.03225806451612903,0.5043859649122807,0.3092540132200189
0.5,0.42719298245614035,0.20608317815021726,1,1940,0.36917768832662456,7,1,0.7,0.5122897800776197,2,160000,0.5564516129032258,0.42719298245614035,0.31566167543504653
0.5,0.3350877192982456,0.0,1,1955,0.43933294997124783,6,1,0.7,0.369340232858991,0,135000,0.43548387096774194,0.3350877192982456,0.2974504249291784
0.3,0.27807017543859647,0.22842954686530106,0,1910,0.1529614721104083,6,0,0.6,0.2745795601552393,0,37900,0.7983870967741935,0.27807017543859647,0.19515265974189488
0.6,0.3337719298245614,0.0,1,1958,0.437607820586544,6,1,0.5,0.5628719275549806,0,140000,0.41129032258064513,0.3337719298245614,0.29508970727101036
0.4,0.37631578947368416,0.29298572315332094,0,1949,0.2219666474985624,6,0,0.4,0.5899094437257438,0,135000,0.4838709677419355,0.37631578947368416,0.37141957821844496
0.7,0.5666666666666667,0.5350713842333954,2,2003,0.24726854514088556,6,0,0.5,0.03803363518758085,0,173000,0.04838709677419355,0.5666666666666667,0.7129367327667611
0.6,0.256140350877193,0.0,1,1979,0.33582518688901675,5,0,0.5,0.4018111254851229,1,99500,0.24193548387096775,0.256140350877193,0.30028328611898014
0.7,0.4798245614035088,0.0,2,2007,0.6290971822886717,6,0,0.5,0.6441785252263907,0,182000,0.016129032258064516,0.4798245614035088,0.5571293673276676
0.7,0.7390350877192983,0.548106765983861,2,1910,0.46118458884416336,8,0,0.8,0.6296248382923674,0,167500,0.7983870967741935,0.7390350877192983,0.625
0.7,0.45964912280701753,0.44009931719428924,2,2000,0.19493962047153537,6,1,0.5,0.0628072445019405,0,165000,0.07258064516129031,0.45964912280701753,0.5209316965690902
0.4,0.23464912280701755,0.0,0,1923,0.3076480736055204,4,0,0.7,0.27296248382923677,0,85500,0.6935483870967741,0.23464912280701755,0.4591595845136922
0.7,0.3978070175438596,0.0,2,2006,0.5215641173087981,4,1,0.5,0.16778783958602844,0,199900,0.024193548387096774,0.3978070175438596,0.8982530689329555
0.4,0.24561403508771928,0.0,2,1954,0.3220241518113859,5,0,0.5,0.5025873221216042,0,110000,0.4435483870967742,0.24561403508771928,0.2776203966005666
0.5,0.34517543859649125,0.0,2,1963,0.45255894192064405,5,1,0.6,0.46157826649417855,0,139000,0.3709677419354839,0.34517543859649125,0.49197355996222836
0.7,0.2916666666666667,0.0,2,1961,0.3824036802760208,6,1,0.9,0.6754204398447607,0,178400,0.3870967741935484,0.2916666666666667,0.21954674220963166
0.7,0.40877192982456145,0.0,2,2007,0.5359401955146637,6,0,0.5,0.09715394566623545,1,159895,0.016129032258064516,0.40877192982456145,0.4296506137865911
0.8,0.8578947368421054,0.7082557417752948,2,2002,0.4686601495112134,9,0,0.5,0.6190168175937905,1,255900,0.056451612903225805,0.8578947368421054,0.6347707480851956
0.5,0.6140350877192983,0.2681564245810056,2,1977,0.5566417481311099,8,0,0.5,0.5462483829236741,0,126000,0.25806451612903225,0.6140350877192983,0.45679886685552407
0.5,0.36403508771929827,0.0,1,1950,0.4772857964347327,5,1,0.5,0.5950840879689522,0,125000,0.47580645161290325,0.36403508771929827,0.5325779036827196
0.6,0.5706140350877194,0.393544382371198,1,1910,0.38355376653248996,5,0,0.8,0.2347994825355757,0,117000,0.7983870967741935,0.5706140350877194,0.9773371104815862
0.6,0.743859649122807,0.5661080074487895,2,1976,0.45083381253594024,8,0,0.6,0.6705045278137128,1,195000,0.2661290322580645,0.743859649122807,0.6314919735599622
0.7,0.5447368421052632,0.49534450651769085,2,2006,0.25531914893617025,6,0,0.5,0.416882276843467,0,197000,0.024193548387096774,0.5447368421052632,0.6735914384639596
0.6,0.6653508771929825,0.515828677839851,2,1964,0.3944795859689477,7,0,0.8,0.5226390685640362,1,187000,0.3629032258064516,0.6653508771929825,0.6819101578308377
0.6,0.5114035087719299,0.4655493482309125,2,2005,0.23921794134560095,6,0,0.5,0.4635187580853817,0,173900,0.03225806451612903,0.5114035087719299,0.6137865911237015
0.4,0.3929824561403509,0.28305400372439476,1,1946,0.2530189764232318,5,1,0.7,0.1961190168175938,0,121600,0.5080645161290323,0.3929824561403509,0.5949008498583568
0.5,0.3140350877192982,0.0,1,1961,0.4117308798159862,6,1,0.6,0.5807891332470893,0,136500,0.3870967741935484,0.3140350877192982,0.2596789423984891
0.6,0.4859649122807017,0.0,2,1970,0.6371477860839564,6,0,0.6,0.6492238033635188,1,185000,0.31451612903225806,0.4859649122807017,0.568146049732452
0.3,0.32587719298245615,0.0,1,1922,0.4272570442783209,6,0,0.4,0.5243208279430789,1,91000,0.7016129032258065,0.32587719298245615,0.28092540132200183
0.7,0.3833333333333333,0.0,2,2006,0.5025876940770558,6,1,0.5,0.32871927554980596,0,206000,0.024193548387096774,0.3833333333333333,0.38401007239534146
0.3,0.2675438596491228,0.0,2,1952,0.3507763082231168,4,0,0.3,0.5514877102199224,0,82000,0.4596774193548387,0.2675438596491228,0.5476864966949953
0.5,0.15657894736842104,0.0,1,1920,0.2052903967797585,4,0,0.6,0.24062095730918498,0,86000,0.717741935483871,0.15657894736842104,0.24905571293673268
0.8,0.543859649122807,0.0,3,2006,0.7130534790109259,7,0,0.5,0.6647477360931436,1,232000,0.024193548387096774,0.543859649122807,0.49507621745582076
0.5,0.5903508771929824,0.0,2,1976,0.7740080506037953,8,0,0.6,0.6351875808538163,0,136905,0.2661290322580645,0.5903508771929824,0.4249291784702549
0.7,0.5131578947368421,0.0,2,2005,0.6728004600345027,7,0,0.5,0.09715394566623545,1,181000,0.03225806451612903,0.5131578947368421,0.4478618642924592
0.5,0.2855263157894737,0.0,1,1977,0.3743530764807361,6,0,0.8,0.4336998706338939,0,149900,0.25806451612903225,0.2855263157894737,0.2085300598048473
0.6,0.5802631578947368,0.0,2,1970,0.7607820586543991,7,0,0.3,0.6775549805950841,1,163500,0.31451612903225806,0.5802631578947368,0.5510589504923782
0.4,0.33245614035087717,0.33891992551210426,1,1970,0.12190914318573895,6,0,0.4,0.03473479948253558,0,88000,0.31451612903225806,0.33245614035087717,0.2927289896128422
0.7,0.6035087719298246,0.0,2,2004,0.7912593444508339,7,0,0.5,0.6751617076326003,1,240000,0.04032258064516129,0.6035087719298246,0.5868069607446378
0.5,0.5210526315789473,0.0,0,1926,0.38757906843013235,7,0,0.5,0.2794307891332471,0,102000,0.6693548387096774,0.2956140350877193,0.11331444759206799
0.5,0.5833333333333334,0.0,0,1965,0.7648073605520415,8,0,0.5,0.526843467011643,0,100000,0.3548387096774194,0.5833333333333334,0.41548630783758256
0.6,0.512280701754386,0.37368094351334574,1,1923,0.3254744105807936,7,0,0.7,0.5764553686934023,2,165000,0.6935483870967741,0.512280701754386,0.4465128827735061
0.5,0.3017543859649123,0.0,1,1910,0.3956296722254169,4,1,0.4,0.3570504527813713,0,85000,0.7983870967741935,0.3017543859649123,0.6397544853635504
0.6,0.3280701754385965,0.0,1,1948,0.430132259919494,5,0,0.5,0.6457956015523934,1,119200,0.49193548387096775,0.3280701754385965,0.4551463644948064
0.8,0.5837719298245614,0.5307262569832403,2,2001,0.27372052903967803,6,1,0.6,0.4346701164294955,0,227000,0.06451612903225806,0.5837719298245614,0.743626062322946
0.7,0.5131578947368421,0.0,2,1996,0.6728004600345027,6,1,0.5,0.659961190168176,1,203000,0.10483870967741934,0.5131578947368421,0.6169342146679255
0.7,0.49912280701754386,0.4158907510862818,2,1991,0.269120184013801,7,0,0.5,0.5888745148771022,1,160000,0.14516129032258066,0.49912280701754386,0.42627815998920804
0.7,0.5140350877192983,0.0,2,2005,0.6739505462909718,6,0,0.5,0.08622250970245796,1,213490,0.03225806451612903,0.5140350877192983,0.6185080264400378
0.4,0.35,0.0,2,2005,0.4588844163312249,5,1,0.5,0.3456662354463131,0,176000,0.03225806451612903,0.35,0.5023607176581681
0.7,0.38859649122807016,0.0,2,2006,0.5094882116158712,6,1,0.5,0.3703751617076326,0,194000,0.024193548387096774,0.38859649122807016,0.3934529430280138
0.5,0.40087719298245617,0.2085661080074488,1,1930,0.332374928119609,6,0,0.5,0.501875808538163,0,87000,0.6370967741935484,0.40087719298245617,0.41548630783758256
0.7,0.5131578947368421,0.0,2,2005,0.6728004600345027,7,0,0.5,0.09715394566623545,1,191000,0.03225806451612903,0.5131578947368421,0.4478618642924592
0.5,0.24035087719298243,0.0,2,1972,0.3151236342725705,5,1,0.5,0.38939197930142305,0,112500,0.29838709677419356,0.24035087719298243,0.2662889518413597
0.5,0.4078947368421053,0.0,2,1960,0.5347901092581944,6,1,0.5,0.49288486416558863,2,167500,0.3951612903225806,0.4078947368421053,0.42807680201447895
0.8,0.5754385964912281,0.0,3,2007,0.7544565842438183,7,1,0.5,0.5071151358344114,1,293077,0.016129032258064516,0.5754385964912281,0.5436395521381356
0.5,0.4570175438596491,0.2532588454376164,1,1941,0.36457734330074765,6,1,0.5,0.5053040103492885,1,105000,0.5483870967741935,0.4570175438596491,0.5162102612527542
0.6,0.387719298245614,0.33891992551210426,1,1972,0.19436457734330073,7,0,0.7,0.0,0,118000,0.29838709677419356,0.387719298245614,0.2549575070821529
0.5,0.6991228070175438,0.6083178150217257,0,1916,0.35307648073605524,10,0,0.8,0.34941785252263907,0,160000,0.75,0.6991228070175438,0.34372049102927293
0.7,0.5789473684210527,0.0,3,2002,0.7590569292696953,6,1,0.5,0.416882276843467,0,230000,0.056451612903225805,0.5789473684210527,0.7349700975763298
0.5,0.2719298245614035,0.0,1,1938,0.356526739505463,5,0,0.7,0.29915912031047864,1,119750,0.5725806451612903,0.2719298245614035,0.3342776203966006
0.4,0.22412280701754383,0.0,1,1957,0.2938470385278896,5,0,0.3,0.6351875808538163,0,84000,0.41935483870967744,0.22412280701754383,0.23135033050047205
0.8,0.8460526315789474,0.749844816883923,2,2001,0.4146060954571593,7,0,0.5,0.48900388098318237,1,287000,0.06451612903225806,0.8460526315789474,0.9598003507351949
0.5,0.644298245614035,0.0,2,1957,0.8447383553766533,8,1,0.4,0.7402975420439845,1,155000,0.41935483870967744,0.644298245614035,0.49752124645892337
0.6,0.5692982456140351,0.5164494103041589,2,1966,0.2679700977573318,7,0,0.8,0.481888745148771,0,173000,0.3467741935483871,0.5692982456140351,0.5341966815054633
0.6,0.4263157894736842,0.0,2,2005,0.5589419206440484,5,1,0.5,0.23939197930142303,1,196000,0.03225806451612903,0.4263157894736842,0.6666666666666665
0.7,0.8750000000000001,0.49472377405338297,2,1990,0.6889016676250719,10,1,0.5,0.6571151358344114,1,262280,0.1532258064516129,0.8750000000000001,0.5330500472143531
0.3,0.6135964912280701,0.0,2,1955,0.80448533640023,8,0,0.5,0.7761966364812419,1,139600,0.43548387096774194,0.6135964912280701,0.4562086874409821
0.5,0.28771929824561404,0.0,2,1994,0.3772282921219092,5,0,0.5,0.4893272962483829,0,145000,0.12096774193548387,0.28771929824561404,0.3682719546742209
0.4,0.2614035087719298,0.0,1,1946,0.3427257044278321,6,0,0.7,0.6093143596377749,0,84900,0.5080645161290323,0.2614035087719298,0.1652502360717658
0.7,0.4245614035087719,0.0,2,2007,0.5566417481311099,6,0,0.5,0.47302716688227686,0,176485,0.016129032258064516,0.4245614035087719,0.457979225684608
0.7,0.4307017543859649,0.0,2,2007,0.5646923519263946,6,0,0.5,0.6141655886157827,1,200141,0.016129032258064516,0.4307017543859649,0.4689959080893924
0.6,0.7206140350877193,0.5276225946617008,2,1964,0.4560092006900518,9,0,0.6,0.5058214747736093,1,165000,0.3629032258064516,0.7206140350877193,0.4705697198615044
0.5,0.5228070175438596,0.0,1,1957,0.6854514088556642,7,0,0.6,0.44514877102199224,1,144500,0.41935483870967744,0.5228070175438596,0.4627006610009443
0.8,0.7258771929824561,0.5574177529484792,2,2002,0.43530764807360556,7,1,0.5,0.6265847347994825,1,255000,0.056451612903225805,0.7258771929824561,0.7749898826386079
0.6,0.5214912280701754,0.0,2,1976,0.6837262794709603,7,0,0.5,0.6261966364812419,1,180000,0.2661290322580645,0.5214912280701754,0.4606771887225145
0.7,0.45175438596491224,0.0,2,2005,0.5922944220816562,6,1,0.5,0.347477360931436,1,185850,0.03225806451612903,0.45175438596491224,0.5067673906200818
0.6,0.7267543859649123,0.5555555555555556,2,1932,0.43818286371477866,7,0,0.7,0.6206338939197931,1,220000,0.6209677419354839,0.7267543859649123,0.776338864157561
0.8,0.4403508771929825,0.0,2,2001,0.5773433007475561,6,1,0.5,0.20957309184993533,0,213500,0.06451612903225806,0.4403508771929825,0.4863078375826251
0.5,0.8785087719298245,0.5679702048417132,2,1900,0.625646923519264,10,0,0.5,0.7710219922380337,0,90000,0.8790322580645161,0.8785087719298245,0.536827195467422
0.6,0.33728070175438596,0.0,2,1925,0.44220816561242093,5,0,0.6,0.2794307891332471,1,110500,0.6774193548387096,0.33728070175438596,0.4749763928234183
0.5,0.35964912280701755,0.0,2,1966,0.4715353651523865,6,0,0.6,0.6028460543337646,1,154000,0.3467741935483871,0.35964912280701755,0.341517154548316
0.6,0.5425438596491228,0.4792054624456859,2,1993,0.2673950546290972,7,0,0.7,0.39825355756791725,1,178000,0.12903225806451613,0.5425438596491228,0.49305274517739095
0.6,0.5600877192982456,0.5046554934823091,2,1964,0.26682001150086254,7,1,0.6,0.5226390685640362,0,167900,0.3629032258064516,0.5600877192982456,0.5200323755564549
0.6,0.9592105263157894,0.7635009310986964,2,1973,0.550316273720529,10,1,0.4,0.14773609314359637,1,151400,0.2903225806451613,0.9592105263157894,0.6237016052880076
0.5,0.2451754385964912,0.0,2,1949,0.32144910868315124,4,0,0.7,0.5122897800776197,0,135000,0.4838709677419355,0.2451754385964912,0.48748819641170904
0.5,0.3131578947368421,0.0,1,1956,0.41058079355951704,6,1,0.5,0.5479948253557568,0,135000,0.4274193548387097,0.3131578947368421,0.25810513062637697
0.6,0.5359649122807018,0.4512725015518312,2,1968,0.2846463484761357,8,0,0.6,0.648124191461837,0,154000,0.33064516129032256,0.5359649122807018,0.35174693106704435
0.5,0.4921052631578947,0.281812538795779,1,1948,0.3841288096607246,7,1,0.3,0.38195342820181116,1,91500,0.49193548387096775,0.4921052631578947,0.41548630783758256
0.6,0.4789473684210527,0.45189323401613907,2,1977,0.20931569867740082,6,0,0.6,0.40556274256144886,0,159500,0.25806451612903225,0.4789473684210527,0.5555555555555554
0.7,0.3973684210526316,0.0,3,2006,0.5209890741805636,5,0,0.5,0.44476067270375164,0,194000,0.024193548387096774,0.3973684210526316,0.6043437204910291
0.7,0.6166666666666667,0.48417132216014896,1,1940,0.3599769982748706,6,0,0.6,0.7402975420439845,2,219500,0.5564516129032258,0.6166666666666667,0.8026440037771483
0.5,0.4964912280701754,0.22967101179391683,2,1936,0.43818286371477866,7,0,0.8,0.5899094437257438,1,170000,0.5887096774193549,0.4964912280701754,0.42223121543234843
0.5,0.33421052631578946,0.0,1,1969,0.43818286371477866,6,1,0.5,0.9178525226390687,0,138800,0.3225806451612903,0.33421052631578946,0.29587661315706637
0.6,0.22543859649122805,0.0,2,2004,0.29557216791259344,3,1,0.5,0.1782018111254851,1,155900,0.04032258064516129,0.22543859649122805,0.7680201447906831
0.5,0.28771929824561404,0.0,1,1994,0.3772282921219092,5,0,0.5,0.4589262613195343,0,126000,0.12096774193548387,0.28771929824561404,0.3682719546742209
0.6,0.4052631578947369,0.0,2,1971,0.5313398504887867,5,0,0.7,0.6054333764553688,0,145000,0.3064516129032258,0.4052631578947369,0.6213408876298394
0.5,0.30964912280701756,0.0,1,1963,0.40598044853364,5,1,0.5,0.37645536869340235,0,133000,0.3709677419354839,0.30964912280701756,0.41548630783758256
0.7,0.493421052631579,0.0,2,2002,0.6469235192639449,6,0,0.5,0.4572445019404916,1,192000,0.056451612903225805,0.493421052631579,0.5815234497954043
0.6,0.4021929824561403,0.0,1,1964,0.5273145485911443,6,1,0.6,0.4605433376455369,2,160000,0.3629032258064516,0.4021929824561403,0.4178470254957507
0.6,0.5105263157894737,0.5009310986964618,2,1995,0.2052903967797585,6,0,0.5,0.7342173350582147,1,187500,0.11290322580645162,0.5105263157894737,0.6122127793515895
0.6,0.29035087719298247,0.0,2,1992,0.38067855089131686,5,1,0.6,0.47794307891332477,0,147000,0.13709677419354838,0.29035087719298247,0.3739376770538243
0.4,0.33245614035087717,0.33891992551210426,1,1973,0.12190914318573895,6,0,0.5,0.019016817593790425,0,83500,0.2903225806451613,0.33245614035087717,0.2927289896128422
0.8,0.7100877192982457,0.5406579764121664,3,2005,0.430132259919494,9,0,0.5,0.5752910737386805,1,252000,0.03225806451612903,0.7100877192982457,0.457979225684608
0.7,0.6030701754385965,0.4587212911235258,2,2004,0.3657274295572168,7,0,0.5,0.054463130659767156,0,137500,0.04032258064516129,0.6030701754385965,0.5861324699851611
0.8,0.40043859649122804,0.0,2,2005,0.5250143760782059,4,1,0.5,0.10582147477360931,1,197000,0.03225806451612903,0.40043859649122804,0.9053352219074597
0.3,0.30964912280701756,0.0,2,1950,0.40598044853364,6,0,0.4,0.44398447606727043,0,92900,0.47580645161290325,0.30964912280701756,0.2518098835379289
0.7,0.40263157894736845,0.3898199875853507,2,1999,0.16676250718803912,4,1,0.5,0.031047865459249674,0,160000,0.08064516129032259,0.40263157894736845,0.91123701605288
0.6,0.5964912280701754,0.18870266914959652,2,1925,0.6072455434157562,7,0,0.5,0.4346701164294955,1,136500,0.6774193548387096,0.5964912280701754,0.5760151085930123
0.5,0.37982456140350873,0.0,2,1965,0.4979873490511789,6,1,0.8,0.48835705045278144,0,146000,0.3548387096774194,0.37982456140350873,0.37771482530689326
0.5,0.26403508771929823,0.0,1,1956,0.34617596319723987,4,1,0.7,0.2708926261319534,0,129000,0.4274193548387097,0.26403508771929823,0.5382436260623229
0.6,0.4298245614035088,0.0,2,2006,0.5635422656699253,6,0,0.5,0.49398447606727036,1,176432,0.024193548387096774,0.4298245614035088,0.4674220963172804
0.6,0.44780701754385965,0.3612662942271881,0,1914,0.25244393329499715,7,0,0.7,0.33648124191461837,0,127000,0.7661290322580645,0.44780701754385965,0.3473627411304465
0.8,0.3307017543859649,0.0,2,1986,0.43358251868890174,5,0,0.5,0.13040103492884864,0,170000,0.18548387096774194,0.3307017543859649,0.46081208687440967
0.4,0.4342105263157895,0.35195530726256985,1,1936,0.24324324324324323,6,0,0.6,0.2794307891332471,0,128000,0.5887096774193549,0.4342105263157895,0.4752911551778407
0.7,0.5557017543859649,0.0,2,1978,0.7285796434732605,7,0,0.5,0.6597671410090556,1,157000,0.25,0.5557017543859649,0.513287467961689
0.2,0.0456140350877193,0.0,1,1920,0.05980448533640023,3,0,0.5,0.4346701164294955,0,60000,0.717741935483871,0.0456140350877193,0.12275731822474023
0.5,0.27017543859649124,0.0,1,1971,0.3542265669925245,5,0,0.5,0.522509702457956,0,119500,0.3064516129032258,0.27017543859649124,0.3305004721435316
0.5,0.3508771929824561,0.0,1,1960,0.46003450258769407,6,0,0.7,0.3441138421733506,0,135000,0.3951612903225806,0.3508771929824561,0.32577903682719545
0.6,0.3771929824561403,0.0,2,1959,0.4945370902817712,6,0,0.6,0.46765847347994827,1,159500,0.4032258064516129,0.3771929824561403,0.3729933899905571
0.5,0.4245614035087719,0.4171322160148976,2,1970,0.1702127659574468,6,0,0.5,0.021733505821474763,0,106000,0.31451612903225806,0.4245614035087719,0.457979225684608
0.7,0.4859649122807017,0.0,2,1990,0.6371477860839564,6,1,0.5,0.561254851228978,1,179900,0.1532258064516129,0.4859649122807017,0.568146049732452
0.6,0.5947368421052631,0.4605834885164494,2,2000,0.35307648073605524,7,0,0.5,0.4128719275549806,1,181000,0.07258064516129031,0.5947368421052631,0.5733171455551058
0.8,0.6587719298245615,0.0,3,2004,0.8637147786083957,7,1,0.5,0.626261319534282,1,280000,0.04032258064516129,0.6587719298245615,0.6717927964386887
0.6,0.5807017543859649,0.5493482309124768,2,1995,0.25244393329499715,8,1,0.5,0.4087968952134541,1,188000,0.11290322580645162,0.5807017543859649,0.41194523135033045
0.7,0.7149122807017544,0.5375543140906269,2,1976,0.43933294997124783,8,0,0.6,0.5692108667529108,1,205000,0.2661290322580645,0.7149122807017544,0.5925401322001889
0.5,0.21140350877192982,0.0,1,1957,0.27717078780908566,5,1,0.7,0.35058214747736094,0,129900,0.41935483870967744,0.21140350877192982,0.20396600566572232
0.5,0.2956140350877193,0.0,1,1953,0.38757906843013235,6,1,0.7,0.46849935316946967,0,134500,0.45161290322580644,0.2956140350877193,0.22662889518413598
0.5,0.21885964912280703,0.0,1,1954,0.28694652098907414,4,0,0.7,0.24062095730918498,0,117000,0.4435483870967742,0.21885964912280703,0.41666666666666663
0.8,0.4758771929824561,0.39726877715704534,2,2002,0.2558941920644049,7,1,0.5,0.3926261319534282,1,184100,0.056451612903225805,0.4758771929824561,0.39053014973694855
0.5,0.24561403508771928,0.0,2,1967,0.3220241518113859,5,1,0.7,0.5228978007761966,0,130000,0.3387096774193548,0.24561403508771928,0.2776203966005666
0.5,0.5557017543859649,0.3600248292985723,1,1958,0.39505462909718236,6,0,0.6,0.785575679172057,0,140000,0.41129032258064513,0.5557017543859649,0.6932640856153602
0.5,0.30964912280701756,0.0,1,1959,0.40598044853364,6,0,0.5,0.38033635187580855,0,133700,0.4032258064516129,0.30964912280701756,0.2518098835379289
0.6,0.29736842105263156,0.0,1,1920,0.3898792409430708,6,0,0.5,0.42580853816300135,1,118400,0.717741935483871,0.29736842105263156,0.22977651872836002
0.7,0.5342105263157895,0.0,3,2005,0.7004025301897643,7,0,0.5,0.5435963777490298,0,212900,0.03225806451612903,0.5342105263157895,0.48023742074733566
0.4,0.27456140350877195,0.0,1,1956,0.3599769982748706,5,0,0.3,0.4686934023285899,0,112000,0.4274193548387097,0.27456140350877195,0.33994334277620397
0.5,0.15964912280701754,0.0,0,1947,0.20931569867740082,4,0,0.9,0.4996765847347995,0,118000,0.5,0.15964912280701754,0.25731822474032107
0.7,0.5035087719298246,0.4158907510862818,2,1992,0.2748706152961472,7,0,0.5,0.4815653298835705,1,163900,0.13709677419354838,0.5035087719298246,0.43302306758397413
0.4,0.29429824561403506,0.0,2,1955,0.3858539390454284,5,0,0.5,0.566235446313066,1,115000,0.43548387096774194,0.29429824561403506,0.38243626062322944
0.7,0.5355263157894737,0.0,3,2007,0.7021276595744681,7,0,0.5,0.1296248382923674,1,174000,0.016129032258064516,0.5355263157894737,0.48226089302576547
0.7,0.5245614035087719,0.0,3,2004,0.6877515813686027,7,1,0.5,0.8338939197930143,1,259000,0.04032258064516129,0.5245614035087719,0.4653986240388506
0.7,0.7127192982456141,0.6902545003103663,2,2004,0.2949971247843588,8,0,0.5,0.654333764553687,1,215000,0.04032258064516129,0.7127192982456141,0.5895892351274787
0.5,0.26403508771929823,0.0,2,1980,0.34617596319723987,4,1,0.5,0.3570504527813713,0,140000,0.2338709677419355,0.26403508771929823,0.5382436260623229
0.4,0.7223684210526315,0.4053382991930478,2,1928,0.5715928694652099,7,1,0.3,0.39611901681759376,2,135000,0.6532258064516129,0.7223684210526315,0.769593956562795
0.5,0.2807017543859649,0.0,0,1991,0.3680276020701553,5,0,0.5,0.5842173350582147,0,93500,0.14516129032258066,0.2807017543859649,0.3531633616619453
0.8,0.7394736842105263,0.5450031036623215,2,1995,0.4646348476135711,8,0,0.5,0.5270375161707633,1,239500,0.11290322580645162,0.7394736842105263,0.625590179414542
0.6,0.5552631578947368,0.4245810055865922,2,1997,0.33467510063254746,7,0,0.5,0.4587968952134541,1,169000,0.0967741935483871,0.5552631578947368,0.5126129772022123
0.6,0.28596491228070176,0.0,1,1926,0.37492811960897066,5,0,0.5,0.2910737386804657,1,102000,0.6693548387096774,0.28596491228070176,0.36449480642115195
0.6,0.40263157894736845,0.13656114214773432,1,1950,0.4013801035077631,6,0,0.5,0.5122897800776197,0,119000,0.47580645161290325,0.40263157894736845,0.4186339313818066
0.6,0.5407894736842105,0.0,2,1977,0.7090281771132836,5,1,0.5,0.5264553686934024,2,196000,0.25806451612903225,0.5407894736842105,0.9131255901794144
0.5,0.3653508771929824,0.0,2,1920,0.4790109258194365,6,0,0.5,0.4560802069857698,1,144000,0.717741935483871,0.3653508771929824,0.35174693106704435
0.5,0.2710526315789474,0.0,2,1951,0.3553766532489937,4,1,0.7,0.3667529107373868,0,139000,0.46774193548387094,0.2710526315789474,0.5571293673276676
0.5,0.6728070175438596,0.48417132216014896,2,1976,0.43358251868890174,9,1,0.7,0.5578266494178525,1,197500,0.2661290322580645,0.6728070175438596,0.4133878921414331
0.5,0.29473684210526313,0.0,0,1959,0.38642898217366306,5,0,0.3,0.47347994825355755,0,80000,0.4032258064516129,0.29473684210526313,0.38338054768649654
0.4,0.2587719298245614,0.1564245810055866,1,1941,0.19436457734330073,5,1,0.4,0.6791720569210867,0,80000,0.5483870967741935,0.2587719298245614,0.30594900849858353
0.5,0.5447368421052632,0.33147113594040967,1,1928,0.4071305347901093,8,0,0.6,0.2949547218628719,1,149000,0.6532258064516129,0.5447368421052632,0.36355051935788474
0.6,0.42280701754385963,0.0,2,1985,0.5543415756181714,5,1,0.5,0.6157826649417852,1,180000,0.1935483870967742,0.42280701754385963,0.6591123701605288
0.7,0.5394736842105263,0.43699565487274983,1,1941,0.3024726854514088,7,0,0.7,0.6675291073738681,1,174500,0.5483870967741935,0.5394736842105263,0.4883313098610549
0.7,0.34078947368421053,0.3345747982619491,1,1926,0.136860264519839,5,0,0.7,0.26002587322121606,1,116900,0.6693548387096774,0.34078947368421053,0.482530689329556
0.7,0.5035087719298246,0.40347610180012417,2,1920,0.2863714778608396,7,0,0.9,0.47347994825355755,0,143000,0.717741935483871,0.5035087719298246,0.43302306758397413
0.6,0.26228070175438595,0.0,1,1950,0.3438757906843014,4,0,0.5,0.4269081500646831,1,124000,0.47580645161290325,0.26228070175438595,0.5335221907459866
0.6,0.6478070175438596,0.0,2,1956,0.8493387004025302,6,0,0.7,0.804333764553687,1,230000,0.4274193548387097,0.6478070175438596,0.858514321687126
0.6,0.21140350877192982,0.0,1,1930,0.27717078780908566,5,0,0.8,0.2723156532988357,0,120500,0.6370967741935484,0.21140350877192982,0.20396600566572232
0.7,0.6517543859649123,0.5698324022346368,2,1965,0.3266244968372628,8,0,0.6,0.777490297542044,2,201800,0.3548387096774194,0.6517543859649123,0.5075542965061377
0.5,0.4837719298245614,0.0,2,1976,0.6342725704427833,6,1,0.8,0.5878395860284605,1,218000,0.2661290322580645,0.4837719298245614,0.5642115203021718
0.5,0.4083333333333333,0.0,2,1965,0.535365152386429,6,0,0.8,0.49611901681759385,1,179900,0.3548387096774194,0.4083333333333333,0.4288637079005351
0.7,0.4298245614035088,0.0,2,2007,0.5635422656699253,6,1,0.5,0.2148124191461837,1,230000,0.016129032258064516,0.4298245614035088,0.4674220963172804
0.8,0.5464912280701755,0.0,3,2007,0.7165037377803336,7,0,0.5,0.663130659767141,0,235128,0.016129032258064516,0.5464912280701755,0.49912316201268037
0.6,0.6763157894736842,0.5791433891992551,2,1974,0.35020126509488214,8,0,0.6,0.48124191461836996,1,185000,0.282258064516129,0.6763157894736842,0.540604343720491
0.6,0.4921052631578947,0.37306021104903786,2,1978,0.29959746981023583,7,0,0.5,0.038809831824062085,1,146000,0.25,0.4921052631578947,0.41548630783758256
0.6,0.5728070175438597,0.0,2,1954,0.7510063254744106,7,1,0.7,0.8472186287192756,1,224000,0.4435483870967742,0.5728070175438597,0.539592607581276
0.5,0.24561403508771928,0.0,2,1968,0.3220241518113859,5,0,0.5,0.455627425614489,1,129000,0.33064516129032256,0.24561403508771928,0.2776203966005666
0.4,0.4052631578947369,0.0,2,1969,0.5313398504887867,6,2,0.4,0.7257438551099612,0,108959,0.3225806451612903,0.4052631578947369,0.4233553666981428
0.5,0.4815789473684211,0.0,2,1978,0.6313973548016102,5,1,0.7,0.9364165588615784,1,194000,0.25,0.4815789473684211,0.7856468366383378
0.7,0.512280701754386,0.0,2,2009,0.6716503737780334,7,0,0.5,0.5084734799482535,0,233170,0.0,0.512280701754386,0.4465128827735061
0.8,0.5964912280701754,0.0,3,2008,0.78205865439908,7,0,0.5,0.5688874514877102,0,245350,0.008064516129032258,0.5964912280701754,0.5760151085930123
0.6,0.5864035087719298,0.4419615145872129,2,2000,0.3594019551466361,7,1,0.5,0.5932729624838292,1,173000,0.07258064516129031,0.5864035087719298,0.5605018211250505
0.6,0.7780701754385965,0.5412787088764742,2,1935,0.5186889016676252,7,0,0.7,0.7793014230271669,2,235000,0.5967741935483871,0.7780701754385965,0.8552542830163228
0.6,0.34385964912280703,0.0,1,1977,0.45083381253594024,6,1,0.6,0.5304010349288487,1,171000,0.25806451612903225,0.34385964912280703,0.31318854265029905
0.6,0.40657894736842104,0.0,2,1958,0.5330649798734906,6,1,0.6,0.48124191461836996,1,163000,0.41129032258064513,0.40657894736842104,0.4257160843563109
0.7,0.4017543859649123,0.38795779019242704,2,2006,0.1673375503162737,5,0,0.5,0.1511642949547219,0,171900,0.024193548387096774,0.4017543859649123,0.6137865911237015
0.6,0.882017543859649,0.7293606455617628,2,1932,0.4807360552041403,9,0,0.8,0.96248382923674,1,239000,0.6209677419354839,0.882017543859649,0.6636239639072499
0.5,0.2583333333333333,0.0,1,1984,0.33870040253018985,5,1,0.5,0.34094437257438553,0,119500,0.20161290322580644,0.2583333333333333,0.3050047214353162
0.6,0.39035087719298245,0.25201738050900063,1,1926,0.27832087406555495,5,0,0.8,0.14683053040103494,0,115000,0.6693548387096774,0.39035087719298245,0.5892351274787535
0.5,0.4425438596491228,0.32464307883302296,1,1921,0.2794709603220241,7,0,0.6,0.3881630012936611,1,154900,0.7096774193548387,0.4425438596491228,0.3392688520167273
0.5,0.34649122807017546,0.0,0,1954,0.454284071305348,5,0,0.5,0.4304657179818887,1,93000,0.4435483870967742,0.34649122807017546,0.4948064211520302
0.7,0.956140350877193,0.7548106765983861,2,1990,0.5543415756181714,8,0,0.5,0.6138421733505822,0,250000,0.1532258064516129,0.956140350877193,0.9171388101983002
0.5,0.34912280701754383,0.0,2,1920,0.4577343300747556,5,1,0.6,0.5899094437257438,1,120000,0.717741935483871,0.34912280701754383,0.5004721435316335
0.5,0.3890350877192983,0.16883923029174425,1,1924,0.3536515238642899,7,1,0.7,0.5212160413971539,0,104900,0.6854838709677419,0.3890350877192983,0.2569809793605826
0.3,0.5986842105263158,0.42520173805090006,2,1900,0.39102932719954,7,1,0.5,0.5779430789133247,0,95000,0.8790322580645161,0.5986842105263158,0.5793875623903952
0.8,0.5657894736842105,0.0,3,1994,0.7418056354226568,5,1,0.5,0.6973479948253558,1,262000,0.12096774193548387,0.5657894736842105,0.9669499527856469
0.7,0.5815789473684211,0.5145872129112352,2,2002,0.28579643473260496,7,0,0.5,0.4692755498059509,0,195000,0.056451612903225805,0.5815789473684211,0.553082422770808
0.7,0.6447368421052632,0.48168839230291743,2,1999,0.39907993099482464,7,0,0.5,0.37645536869340235,1,189000,0.08064516129032259,0.6447368421052632,0.6502090921354378
0.8,0.4855263157894737,0.420235878336437,2,1999,0.24726854514088556,5,0,0.5,0.06241914618369987,0,174000,0.08064516129032259,0.4855263157894737,0.7941454202077429
0.5,0.49912280701754386,0.39106145251396646,1,1925,0.2921219091431857,6,0,0.8,0.5122897800776197,0,125000,0.6774193548387096,0.49912280701754386,0.5917532263141327
0.6,0.39035087719298245,0.0,2,1999,0.5117883841288097,5,1,0.5,0.18240620957309184,0,165000,0.08064516129032259,0.39035087719298245,0.5892351274787535
0.6,0.4464912280701754,0.4276846679081316,1,1969,0.18918918918918917,7,0,0.7,0.4970245795601552,0,158000,0.3225806451612903,0.4464912280701754,0.3453392688520167
0.6,0.4921052631578947,0.45189323401613907,2,2005,0.22656699252443932,8,0,0.5,0.41067270375161713,0,176000,0.03225806451612903,0.4921052631578947,0.2927289896128422
0.7,0.6706140350877193,0.6108007448789572,3,2006,0.3133985048878666,9,0,0.5,0.8003880983182406,1,219210,0.024193548387096774,0.6706140350877193,0.4107648725212464
0.7,0.5947368421052631,0.5431409062693979,1,1916,0.276595744680851,7,0,0.6,0.4637774902975421,1,144000,0.75,0.5947368421052631,0.5733171455551058
0.7,0.3850877192982456,0.0,2,2001,0.5048878665899943,6,0,0.5,0.479948253557568,0,178000,0.06451612903225806,0.3850877192982456,0.3871576959395656
0.4,0.45964912280701753,0.0,2,1963,0.6026451983898793,6,0,0.5,0.6180465717981889,1,148000,0.3709677419354839,0.45964912280701753,0.5209316965690902
0.4,0.2324561403508772,0.0,1,1970,0.3047728579643474,5,0,0.5,0.4963130659767141,0,116050,0.31451612903225806,0.2324561403508772,0.24929178470254953
0.7,0.6337719298245614,0.5667287399130975,2,1998,0.30592294422081656,6,0,0.5,0.5640362225097025,0,197900,0.08870967741935484,0.6337719298245614,0.8333333333333333
0.5,0.4447368421052632,0.2880198634388578,1,1925,0.3162737205290397,5,1,0.8,0.2794307891332471,1,117000,0.6774193548387096,0.4447368421052632,0.7063267233238906
0.7,0.5684210526315789,0.0,2,2000,0.7452558941920644,6,0,0.5,0.5219922380336353,1,213000,0.07258064516129031,0.5684210526315789,0.7160843563109853
0.5,0.32456140350877194,0.0,2,1975,0.4255319148936171,6,1,0.6,0.5472186287192756,0,153500,0.27419354838709675,0.32456140350877194,0.2785646836638338
0.4,0.31666666666666665,0.0,1,1966,0.41518113858539396,5,1,0.4,0.4670116429495472,0,107000,0.3467741935483871,0.31666666666666665,0.4305949008498583
0.6,0.5991228070175438,0.0,2,2003,0.7855089131684877,7,1,0.5,0.4822121604139715,0,200000,0.04838709677419355,0.5991228070175438,0.5800620531498719
0.5,0.4162280701754386,0.0,2,1962,0.5457159286946521,6,1,0.7,0.3934670116429496,0,140000,0.3790322580645161,0.4162280701754386,0.4430280138495435
0.8,0.5815789473684211,0.0,2,2006,0.762507188039103,8,1,0.5,0.54993531694696,1,290000,0.024193548387096774,0.5815789473684211,0.4131255901794145
0.6,0.662719298245614,0.4903786468032278,2,1992,0.4146060954571593,8,0,0.5,0.6169469598965072,1,189000,0.13709677419354838,0.662719298245614,0.5223087818696883
0.8,0.6219298245614036,0.4171322160148976,2,1988,0.4289821736630247,8,0,0.7,0.676196636481242,0,164000,0.16935483870967744,0.6219298245614036,0.4674220963172804
0.4,0.14824561403508774,0.0,1,1941,0.19436457734330073,4,1,0.6,0.4954721862871928,0,113000,0.5483870967741935,0.14824561403508774,0.22662889518413598
0.4,0.27456140350877195,0.0,1,1965,0.3599769982748706,3,1,0.9,0.5540750323415266,0,145000,0.3548387096774194,0.27456140350877195,0.9442870632672331
0.5,0.2916666666666667,0.0,1,1962,0.3824036802760208,6,1,0.5,0.5514230271668823,0,134500,0.3790322580645161,0.2916666666666667,0.21954674220963166
0.5,0.24561403508771928,0.0,1,1966,0.3220241518113859,5,0,0.5,0.35019404915912034,0,125000,0.3467741935483871,0.24561403508771928,0.2776203966005666
0.6,0.6877192982456141,0.36250775915580385,2,1978,0.5658424381828637,8,0,0.5,0.46895213454075035,0,112000,0.25,0.6877192982456141,0.5559490084985834
0.8,0.4298245614035088,0.0,2,2009,0.5635422656699253,6,1,0.5,0.4501940491591203,0,229456,0.0,0.4298245614035088,0.4674220963172804
0.4,0.2535087719298246,0.148975791433892,0,1947,0.19436457734330073,3,0,0.5,0.2949547218628719,0,80500,0.5,0.2535087719298246,0.8687440982058545
0.6,0.387719298245614,0.33891992551210426,0,1971,0.19436457734330073,7,0,0.5,0.0,0,91500,0.3064516129032258,0.387719298245614,0.2549575070821529
0.5,0.2535087719298246,0.0,1,1964,0.332374928119609,5,0,0.5,0.39586028460543343,0,115000,0.3629032258064516,0.2535087719298246,0.29461756373937675
0.5,0.3846491228070176,0.0,1,1968,0.5043128234617597,5,0,0.5,0.42496765847347995,1,134000,0.33064516129032256,0.3846491228070176,0.5769593956562793
0.6,0.6631578947368421,0.4208566108007449,1,1949,0.47958596894767114,7,0,0.6,0.5702457956015524,1,143000,0.4838709677419355,0.6631578947368421,0.6785377040334548
0.7,0.5070175438596491,0.43575418994413406,2,2004,0.26106958021851645,8,1,0.5,0.8864165588615783,1,184000,0.04032258064516129,0.5070175438596491,0.312795089707271
0.6,0.3526315789473684,0.0,1,1958,0.46233467510063264,6,0,0.8,0.5693402328589909,0,145000,0.41129032258064513,0.3526315789473684,0.3289266603714195
0.6,0.7013157894736842,0.6449410304158908,3,2007,0.3220241518113859,9,0,0.5,0.835575679172057,1,214000,0.016129032258064516,0.7013157894736842,0.44748714720386107
0.5,0.2535087719298246,0.0,2,1965,0.332374928119609,5,1,0.8,0.46520051746442437,0,147000,0.3548387096774194,0.2535087719298246,0.29461756373937675
0.5,0.5144736842105263,0.0,1,1960,0.6745255894192065,7,0,0.5,0.4029754204398448,0,127000,0.3951612903225806,0.5144736842105263,0.4498853365708888
0.5,0.375438596491228,0.0,2,1962,0.4922369177688327,6,1,0.6,0.39120310478654596,0,132500,0.3790322580645161,0.375438596491228,0.36984576644633305
0.4,0.39035087719298245,0.0,2,1962,0.5117883841288097,6,0,0.5,0.5279430789133247,0,101800,0.3790322580645161,0.39035087719298245,0.39660056657223786
0.5,0.3745614035087719,0.0,2,1959,0.49108683151236343,6,1,0.5,0.6778783958602846,0,142000,0.4032258064516129,0.3745614035087719,0.3682719546742209
0.5,0.7149122807017544,0.5834885164494104,0,1911,0.3967797584818862,7,0,0.6,0.4427554980595084,0,130000,0.7903225806451613,0.7149122807017544,0.7581276136516928
0.5,0.6359649122807017,0.5536933581626319,1,1914,0.3208740655549167,9,0,0.5,0.7407503234152653,0,138887,0.7661290322580645,0.6359649122807017,0.36932116252229563
0.7,0.5666666666666667,0.5350713842333954,2,2003,0.24726854514088556,6,0,0.5,0.06131953428201811,0,175500,0.04838709677419355,0.5666666666666667,0.7129367327667611
0.7,0.7078947368421052,0.6834264432029795,2,2004,0.2949971247843588,8,0,0.5,0.6929495472186288,1,195000,0.04032258064516129,0.7078947368421052,0.5830972615675165
0.6,0.3539473684210527,0.0,2,2005,0.46405980448533646,6,0,0.5,0.736869340232859,0,142500,0.03225806451612903,0.3539473684210527,0.3312873780295875
0.8,0.5043859649122807,0.0,2,2006,0.6612995974698103,6,0,0.5,0.47587322121604136,1,265900,0.024193548387096774,0.5043859649122807,0.6011960969468051
0.7,0.6289473684210526,0.5487274984481688,2,2003,0.3162737205290397,8,1,0.5,0.4190168175937904,0,224900,0.04838709677419355,0.6289473684210526,0.47686496694995273
0.7,0.5942982456140351,0.0,3,2007,0.7791834387579069,7,0,0.6,0.5283958602846055,0,248328,0.016129032258064516,0.5942982456140351,0.5726426547956291
0.7,0.36798245614035086,0.0,2,1974,0.48246118458884424,6,1,0.6,0.5785899094437258,2,170000,0.282258064516129,0.36798245614035086,0.35646836638338053
0.8,0.518859649122807,0.45003103662321536,2,1929,0.2633697527314549,7,0,0.7,0.6309831824062097,2,230000,0.6451612903225806,0.518859649122807,0.4566302441656549
0.6,0.6728070175438596,0.45189323401613907,2,1984,0.4634847613571018,7,0,0.7,0.6733505821474773,1,178000,0.20161290322580644,0.6728070175438596,0.6933765007419397
0.7,0.5346491228070176,0.49472377405338297,2,2005,0.24266820011500864,6,0,0.5,0.416882276843467,0,186500,0.03225806451612903,0.5346491228070176,0.6554926030846708
0.6,0.30701754385964913,0.0,3,1976,0.4025301897642324,6,1,0.5,0.688745148771022,0,169900,0.2661290322580645,0.30701754385964913,0.2470884482215927
0.6,0.756140350877193,0.5735567970204841,2,1917,0.46003450258769407,8,0,0.5,0.5122897800776197,1,129500,0.7419354838709677,0.756140350877193,0.6480169971671388
0.5,0.2868421052631579,0.0,1,1950,0.37607820586543994,6,0,0.7,0.3570504527813713,0,119000,0.47580645161290325,0.2868421052631579,0.21089077746301532
0.7,0.4697368421052631,0.0,2,2003,0.6158711903392755,6,0,0.5,0.0941785252263907,1,171750,0.04838709677419355,0.4697368421052631,0.5390305319483788
0.5,0.2368421052631579,0.0,1,1968,0.3105232892466936,5,1,0.6,0.5289780077619664,0,130000,0.33064516129032256,0.2368421052631579,0.2587346553352219
0.7,0.5798245614035088,0.5561762880198634,2,2003,0.2449683726279471,7,0,0.5,0.33965071151358345,1,165400,0.04838709677419355,0.5798245614035088,0.5503844597329017
0.6,0.4530701754385965,0.2532588454376164,1,1931,0.3594019551466361,6,0,0.6,0.2949547218628719,1,127500,0.6290322580645161,0.4530701754385965,0.50912810827825
0.8,0.725,0.0,2,1994,0.9505462909718229,7,1,0.5,0.8164941785252264,1,301500,0.12096774193548387,0.725,0.7736409011196546
0.5,0.2324561403508772,0.0,0,1922,0.3047728579643474,4,0,0.8,0.1539456662354463,0,99900,0.7016129032258065,0.2324561403508772,0.45325779036827196
0.7,0.3649122807017544,0.0,2,2005,0.47843588269120185,5,1,0.5,0.5114489003880983,0,190000,0.03225806451612903,0.3649122807017544,0.5344664778092538
0.6,0.3157894736842105,0.0,2,1969,0.4140310523289247,6,1,0.8,0.5219922380336353,0,151000,0.3225806451612903,0.3157894736842105,0.26282656594271314
0.5,0.3140350877192982,0.0,1,1956,0.4117308798159862,5,0,0.6,0.5122897800776197,0,128900,0.4274193548387097,0.3140350877192982,0.4249291784702549
0.4,0.637719298245614,0.4245810055865922,1,1957,0.4427832087406556,8,1,0.5,0.6190168175937905,2,161500,0.41935483870967744,0.637719298245614,0.4886685552407932
0.6,0.6535087719298246,0.47423960273122284,2,1919,0.4174813110983324,8,0,0.6,0.7655239327296248,1,180500,0.7258064516129032,0.6535087719298246,0.5099150141643058
0.6,0.43991228070175437,0.0,2,1998,0.5767682576193215,5,1,0.5,0.1539456662354463,0,181000,0.08870967741935484,0.43991228070175437,0.6959395656279508
0.7,0.4903508771929824,0.4587212911235258,2,1999,0.21794134560092007,6,1,0.5,0.13292367399741267,0,183900,0.08064516129032259,0.4903508771929824,0.5760151085930123
0.7,0.6820175438596491,0.5741775294847921,1,1910,0.3622771707878091,9,0,0.4,0.5459249676584735,1,122000,0.7983870967741935,0.6820175438596491,0.4244045745462175
0.5,0.5219298245614035,0.40347610180012417,1,1958,0.3105232892466936,7,0,0.5,0.6250970245795602,0,144000,0.41129032258064513,0.5219298245614035,0.4613516794819912
0.6,0.506578947368421,0.0,2,1968,0.6641748131109834,7,0,0.7,0.4835705045278137,1,185750,0.33064516129032256,0.506578947368421,0.4377445029003102
0.5,0.26359649122807016,0.0,1,1965,0.3456009200690052,5,1,0.6,0.7662354463130661,0,137000,0.3548387096774194,0.26359649122807016,0.3163361661945231
0.6,0.4486842105263158,0.0,1,1959,0.5882691201840139,5,1,0.7,0.6359637774902975,1,177000,0.4032258064516129,0.4486842105263158,0.7148253068932955
0.5,0.4017543859649123,0.36561142147734327,2,1910,0.18803910293271994,8,0,0.6,0.23816300129366108,1,139000,0.7983870967741935,0.4017543859649123,0.17115203021718595
0.5,0.6956140350877194,0.6157666045934203,2,1948,0.34157561817136284,10,0,0.5,0.6251617076326003,0,137000,0.49193548387096775,0.6956140350877194,0.33994334277620397
0.6,0.4653508771929824,0.409683426443203,2,1972,0.23059229442208165,6,0,0.6,0.7280724450194049,1,162000,0.29838709677419356,0.4653508771929824,0.5311614730878187
0.8,0.7442982456140351,0.5605214152700186,2,2002,0.45658424381828644,7,1,0.5,0.5040750323415265,1,237000,0.056451612903225805,0.7442982456140351,0.803318494536625
0.4,0.3482456140350877,0.2669149596523898,2,1920,0.20931569867740082,6,0,0.4,0.37645536869340235,0,68400,0.717741935483871,0.3482456140350877,0.32105760151085927
0.7,0.5434210526315789,0.0,2,2002,0.7124784358826912,6,1,0.5,0.5257438551099612,0,227000,0.056451612903225805,0.5434210526315789,0.6712307208057917
0.7,0.4407894736842105,0.0,2,1990,0.5779183438757908,6,1,0.5,0.4119663648124192,1,180000,0.1532258064516129,0.4407894736842105,0.487094743468681
0.5,0.30964912280701756,0.0,2,1977,0.40598044853364,5,0,0.7,0.4605433376455369,0,150500,0.25806451612903225,0.30964912280701756,0.41548630783758256
0.6,0.6535087719298246,0.5661080074487895,0,1971,0.332374928119609,8,0,0.5,0.49935316946959896,0,139000,0.3064516129032258,0.6535087719298246,0.5099150141643058
0.6,0.9267543859649122,0.4643078833022967,1,1919,0.7849338700402531,10,0,0.7,0.5147477360931436,1,169000,0.7258064516129032,0.9267543859649122,0.5887629839471198
0.6,0.4728070175438597,0.3643699565487275,1,1939,0.2823461759631972,6,0,0.6,0.2794307891332471,1,132500,0.564516129032258,0.4728070175438597,0.5445388731507712
0.6,0.4359649122807018,0.0,2,1963,0.5715928694652099,6,1,0.5,0.5245795601552393,2,143000,0.3709677419354839,0.4359649122807018,0.47843877872206475
0.8,0.581140350877193,0.0,2,2000,0.7619321449108684,5,1,0.5,0.25769728331177233,1,278000,0.07258064516129031,0.581140350877193,1.0
0.8,0.7175438596491228,0.5276225946617008,3,2006,0.4519838987924095,8,0,0.5,0.6070504527813713,1,281000,0.024193548387096774,0.7175438596491228,0.596081208687441
0.5,0.3587719298245614,0.0,2,1964,0.4703852788959172,6,1,0.7,0.8041397153945666,1,180500,0.3629032258064516,0.3587719298245614,0.33994334277620397
0.5,0.4245614035087719,0.4171322160148976,1,1972,0.1702127659574468,6,0,0.7,0.0,0,119500,0.29838709677419356,0.4245614035087719,0.457979225684608
0.5,0.8938596491228071,0.617008069522036,1,1892,0.6003450258769408,11,0,0.4,0.3182406209573092,0,107500,0.9435483870967741,0.8938596491228071,0.45154090479869513
0.7,0.5833333333333334,0.5164494103041589,2,1976,0.2863714778608396,8,0,0.5,0.5472186287192756,1,162900,0.2661290322580645,0.5833333333333334,0.41548630783758256
0.5,0.2324561403508772,0.0,2,1955,0.3047728579643474,5,1,0.7,0.4199223803363519,0,115000,0.43548387096774194,0.2324561403508772,0.24929178470254953
0.5,0.31491228070175437,0.0,1,1968,0.4128809660724555,5,1,0.5,0.4346701164294955,0,138500,0.33064516129032256,0.31491228070175437,0.42681775259678945
0.5,0.3482456140350877,0.0,2,1963,0.45658424381828644,6,1,0.6,0.4540750323415266,0,155000,0.3709677419354839,0.3482456140350877,0.32105760151085927
0.6,0.3236842105263158,0.0,2,2005,0.4243818286371478,5,1,0.5,0.12904269081500647,0,140000,0.03225806451612903,0.3236842105263158,0.44570349386213404
0.5,0.4,0.0,1,1959,0.5244393329499712,6,1,0.7,0.37645536869340235,0,154000,0.4032258064516129,0.4,0.4139124960654704
0.7,0.7232456140350877,0.6070763500931099,2,1999,0.3858539390454284,9,0,0.5,0.5874514877102199,1,225000,0.08064516129032259,0.7232456140350877,0.4737173434057287
0.6,0.5087719298245614,0.45996275605214154,1,1942,0.24094307073030477,7,0,0.7,0.37645536869340235,2,177500,0.5403225806451613,0.5087719298245614,0.44111695669769313
0.8,0.9614035087719298,0.8212290502793296,3,1994,0.49971247843588273,8,1,0.5,0.5459249676584735,1,290000,0.12096774193548387,0.9614035087719298,0.9242209631728044
0.7,0.5622807017543859,0.0,3,2005,0.7372052903967798,7,0,0.5,0.45329883570504526,0,232000,0.03225806451612903,0.5622807017543859,0.5234048293538378
0.7,0.6026315789473684,0.4543761638733706,2,2004,0.36917768832662456,7,0,0.5,0.10886157826649417,0,130000,0.04032258064516129,0.6026315789473684,0.5854579792256847
0.7,0.45350877192982453,0.0,2,2005,0.5945945945945946,6,0,0.5,0.3412031047865459,1,202500,0.03225806451612903,0.45350877192982453,0.5099150141643058
0.5,0.28771929824561404,0.0,2,1994,0.3772282921219092,5,1,0.5,0.41345407503234155,0,138000,0.12096774193548387,0.28771929824561404,0.3682719546742209
0.5,0.3456140350877193,0.0,2,1948,0.4531339850488787,6,1,0.7,0.6675291073738681,0,147000,0.49193548387096775,0.3456140350877193,0.3163361661945231
0.6,0.42105263157894735,0.0,2,1991,0.552041403105233,6,1,0.5,0.3540103492884864,0,179200,0.14516129032258066,0.42105263157894735,0.4516839785961597
0.7,0.4122807017543859,0.0,2,2005,0.5405405405405406,6,1,0.5,0.4614489003880984,0,203000,0.03225806451612903,0.4122807017543859,0.4359458608750393
0.4,0.2692982456140351,0.0,1,1954,0.35307648073605524,5,1,0.6,0.4210866752910738,1,119000,0.4435483870967742,0.2692982456140351,0.3286118980169971
0.6,0.7798245614035088,0.633147113594041,2,1969,0.4358826912018402,9,0,0.5,0.6076972833117723,2,206900,0.3225806451612903,0.7798245614035088,0.5413912496065469
0.8,0.5684210526315789,0.0,3,2008,0.7452558941920644,8,1,0.5,0.5527813712807245,1,295493,0.008064516129032258,0.5684210526315789,0.3954202077431539
0.7,0.4464912280701754,0.0,2,2006,0.5853939045428408,5,0,0.5,0.16494178525226394,1,208900,0.024193548387096774,0.4464912280701754,0.7101038715769592
0.8,0.637280701754386,0.0,3,2001,0.8355376653248995,7,0,0.5,0.8474126778783959,1,275000,0.06451612903225806,0.637280701754386,0.6387427492243356
0.4,0.2692982456140351,0.0,1,1954,0.35307648073605524,5,0,0.5,0.5520698576972833,0,111000,0.4435483870967742,0.2692982456140351,0.3286118980169971
0.6,0.5017543859649123,0.0,2,1957,0.6578493387004025,6,1,0.3,0.4346701164294955,2,156500,0.41935483870967744,0.5017543859649123,0.596474661630469
0.3,0.16929824561403506,0.0,1,1949,0.2219666474985624,4,0,0.6,0.319987063389392,0,72500,0.4838709677419355,0.16929824561403506,0.28328611898017
0.7,0.6969298245614035,0.5350713842333954,2,1992,0.41805635422656706,8,1,0.5,0.5501940491591203,1,190000,0.13709677419354838,0.6969298245614035,0.5683427762039659
0.4,0.16403508771929826,0.0,0,1940,0.21506612995974697,5,0,0.7,0.23609314359637773,0,82500,0.5564516129032258,0.16403508771929826,0.1019830028328611
0.8,0.6407894736842106,0.0,3,2006,0.8401380103507764,7,0,0.5,0.5372574385510996,1,147000,0.024193548387096774,0.6407894736842106,0.6441386753001483
0.4,0.20263157894736844,0.0,0,1922,0.26566992524439337,5,0,0.4,0.12652005174644243,0,55000,0.7016129032258065,0.20263157894736844,0.18508026440037761
0.3,0.19298245614035087,0.0,0,1931,0.2530189764232318,6,0,0.6,0.16752910737386806,0,79000,0.6290322580645161,0.19298245614035087,0.04249291784702547
0.5,0.21140350877192982,0.0,1,1982,0.27717078780908566,5,0,0.9,0.3182406209573092,1,130500,0.21774193548387097,0.21140350877192982,0.20396600566572232
0.7,0.5692982456140351,0.420235878336437,2,1998,0.3571017826336975,8,0,0.5,0.4789133247089262,1,176500,0.08870967741935484,0.5692982456140351,0.39660056657223786
0.8,0.55,0.0,3,2006,0.7211040828062105,7,0,0.5,0.5381630012936611,1,227000,0.024193548387096774,0.55,0.5045190880884931
0.5,0.2719298245614035,0.0,2,1976,0.356526739505463,6,0,0.5,0.5886157826649419,0,132500,0.2661290322580645,0.2719298245614035,0.1841359773371104
0.4,0.21140350877192982,0.0,1,1938,0.27717078780908566,3,1,0.6,0.4655239327296249,1,100000,0.5725806451612903,0.21140350877192982,0.7176581680830971
0.5,0.44999999999999996,0.345747982619491,1,1938,0.26969522714203564,6,0,0.6,0.3570504527813713,0,125500,0.5725806451612903,0.44999999999999996,0.5036197670758575
0.5,0.45219298245614037,0.37243947858473,2,1970,0.2478435882691202,7,0,0.6,0.0445019404915912,0,125000,0.31451612903225806,0.45219298245614037,0.3541076487252124
0.6,0.4385964912280702,0.0,2,1977,0.5750431282346177,6,0,0.5,0.5155239327296248,1,167900,0.25806451612903225,0.4385964912280702,0.48316021403840104
0.5,0.5798245614035088,0.0,2,1973,0.7602070155261645,8,0,0.5,0.4893919793014231,0,135000,0.2903225806451613,0.5798245614035088,0.4107648725212464
0.4,0.15745614035087718,0.0,0,1941,0.20644048303622772,4,0,0.4,0.1576972833117723,0,52500,0.5483870967741935,0.15745614035087718,0.2514164305949008
0.7,0.6697368421052632,0.5841092489137182,2,2002,0.3369752731454859,8,1,0.5,0.7613195342820182,0,200000,0.056451612903225805,0.6697368421052632,0.5317516525023607
0.5,0.2324561403508772,0.0,1,1972,0.3047728579643474,5,0,0.7,0.5097024579560155,0,128500,0.29838709677419356,0.2324561403508772,0.24929178470254953
0.4,0.23596491228070177,0.0,4,1971,0.3093732029902243,5,0,0.5,0.42781371280724456,0,123000,0.3064516129032258,0.23596491228070177,0.25684608120868746
0.6,0.34210526315789475,0.0,2,2003,0.4485336400230018,6,1,0.5,0.7771668822768435,0,155000,0.04838709677419355,0.34210526315789475,0.3100409191060748
0.8,0.8048245614035088,0.5493482309124768,2,2002,0.5462909718228868,7,0,0.5,0.49773609314359635,1,228500,0.056451612903225805,0.8048245614035088,0.8963982193443949
0.6,0.6925438596491228,0.45996275605214154,2,1928,0.4818861414606096,9,0,0.6,0.38020698576972833,1,177000,0.6532258064516129,0.6925438596491228,0.4369950687231139
0.7,0.4921052631578947,0.45189323401613907,2,2006,0.22656699252443932,8,0,0.5,0.6095084087968953,1,155835,0.024193548387096774,0.4921052631578947,0.2927289896128422
0.4,0.27456140350877195,0.0,1,1920,0.3599769982748706,5,0,0.4,0.2794307891332471,0,108500,0.717741935483871,0.27456140350877195,0.33994334277620397
0.8,0.6324561403508772,0.0,3,2006,0.8292121909143185,7,1,0.5,0.8813712807244503,1,283463,0.024193548387096774,0.6324561403508772,0.6313233508700931
0.7,0.5087719298245614,0.0,2,1998,0.6670500287521565,5,1,0.5,0.9389391979301424,1,215000,0.08870967741935484,0.5087719298245614,0.8441926345609065
0.6,0.606140350877193,0.5325884543761639,2,1962,0.30132259919493964,8,0,0.6,0.48945666235446317,1,171000,0.3790322580645161,0.606140350877193,0.44617563739376775
0.6,0.3692982456140351,0.24208566108007448,2,1937,0.25991949396204717,4,0,0.9,0.2794307891332471,0,134900,0.5806451612903226,0.3692982456140351,0.8215297450424928
0.7,0.6714912280701755,0.5418994413407822,3,2000,0.3783783783783784,7,1,0.5,0.5586028460543337,1,235000,0.07258064516129031,0.6714912280701755,0.6913530284635101
0.7,0.6956140350877194,0.43327126008690253,2,1968,0.5106382978723405,8,0,0.6,0.550582147477361,1,170000,0.33064516129032256,0.6956140350877194,0.56657223796034
0.5,0.24473684210526314,0.0,1,1966,0.3208740655549167,5,0,0.5,0.504333764553687,0,110000,0.3467741935483871,0.24473684210526314,0.27573182247403205
0.5,0.3263157894736842,0.0,2,1971,0.42783208740655554,6,1,0.6,0.7022639068564036,1,149900,0.3064516129032258,0.3263157894736842,0.28171230720805784
0.6,0.5434210526315789,0.49906890130353815,2,2000,0.2501437607820587,5,0,0.5,0.028266494178525226,0,177500,0.07258064516129031,0.5434210526315789,0.9187913125590179
0.5,0.9942982456140351,1.0,2,1921,0.3772282921219092,8,0,0.6,0.5279430789133247,0,189000,0.7096774193548387,0.9942982456140351,0.9684844192634561
0.7,0.5245614035087719,0.0,2,2005,0.6877515813686027,7,1,0.5,0.9364812419146183,1,260000,0.03225806451612903,0.5245614035087719,0.4653986240388506
0.4,0.6157894736842106,0.28367473618870265,1,1920,0.544565842438183,7,0,0.4,0.7007115135834412,1,104900,0.717741935483871,0.6157894736842106,0.6056927020099823
0.6,0.4728070175438597,0.4941030415890751,2,2006,0.16216216216216214,6,0,0.5,0.44107373868046573,1,156932,0.024193548387096774,0.4728070175438597,0.5445388731507712
0.7,0.37982456140350873,0.37243947858473,2,2005,0.10695802185163886,4,0,0.5,0.09702457956015526,0,144152,0.03225806451612903,0.3447368421052632,0.7554296506137865
0.7,0.5877192982456141,0.5338299193047796,2,2000,0.2760207015526165,7,1,0.5,0.37645536869340235,0,216000,0.07258064516129031,0.5877192982456141,0.5625252934034803
0.7,0.6385964912280702,0.563625077591558,2,1999,0.3151236342725705,7,1,0.5,0.48505821474773614,0,193000,0.08064516129032259,0.6385964912280702,0.6407662215027654
0.5,0.500438596491228,0.3414028553693358,1,1977,0.339850488786659,6,0,0.6,0.06371280724450193,1,127000,0.25806451612903225,0.500438596491228,0.5941139439723009
0.6,0.22543859649122805,0.0,2,2003,0.29557216791259344,4,1,0.5,0.1782018111254851,0,144000,0.04838709677419355,0.22543859649122805,0.43437204910292726
0.8,0.5850877192982457,0.0,2,2003,0.7671075330649799,8,1,0.5,0.5792367399741268,1,232000,0.04838709677419355,0.5850877192982457,0.4178470254957507
0.4,0.45614035087719296,0.33147113594040967,1,1920,0.2909718228867165,6,0,0.6,0.24062095730918498,0,105000,0.717741935483871,0.45614035087719296,0.5146364494806421
0.6,0.5820175438596491,0.0,1,1955,0.7630822311673376,8,1,0.6,0.5122897800776197,1,165500,0.43548387096774194,0.5820175438596491,0.4137157695939565
0.7,0.7732456140350877,0.6139044072004965,2,1998,0.44508338125359403,8,1,0.6,0.5219922380336353,1,274300,0.08870967741935484,0.7732456140350877,0.6710339943342776
0.7,0.712280701754386,0.5785226567349472,3,2005,0.39792984473835546,9,0,0.5,0.5785899094437258,1,250000,0.03225806451612903,0.712280701754386,0.46060224530479466
0.8,0.5425438596491228,0.0,3,2007,0.711328349626222,7,0,0.5,0.6022639068564036,1,239000,0.016129032258064516,0.5425438596491228,0.49305274517739095
0.6,0.2,0.0,1,1930,0.2622196664749856,4,0,0.5,0.2983182406209573,0,91000,0.6370967741935484,0.2,0.3659112370160529
0.5,0.5570175438596491,0.38485412787088763,2,1941,0.3737780333525015,6,0,0.5,0.6027166882276843,0,117000,0.5483870967741935,0.5570175438596491,0.6956248032735284
0.6,0.2864035087719298,0.3128491620111732,1,1973,0.08568142610695803,5,0,0.5,0.017658473479948256,0,83000,0.2903225806451613,0.2864035087719298,0.3654390934844193
0.5,0.4649122807017544,0.39726877715704534,2,2006,0.2415181138585394,7,0,0.5,0.5210219922380337,0,167500,0.024193548387096774,0.4649122807017544,0.37366788075003365
0.3,0.2324561403508772,0.0,1,1914,0.3047728579643474,5,1,0.3,0.42250970245795605,0,58500,0.7661290322580645,0.2324561403508772,0.24929178470254953
0.7,0.6263157894736842,0.47423960273122284,2,1920,0.38182863714778614,8,1,0.7,0.3570504527813713,0,157000,0.717741935483871,0.6263157894736842,0.4733238904627006
0.6,0.4052631578947369,0.34761018001241467,1,1939,0.20931569867740082,6,0,0.5,0.4773609314359638,0,105000,0.564516129032258,0.4052631578947369,0.4233553666981428
0.4,0.35964912280701755,0.2222222222222222,1,1922,0.26566992524439337,7,1,0.8,0.24294954721862871,0,125500,0.7016129032258065,0.35964912280701755,0.2117900984756509
0.6,0.9614035087719298,0.5350713842333954,1,1916,0.7648073605520415,10,0,0.7,0.4424320827943079,1,136000,0.75,0.9614035087719298,0.6260623229461755
0.6,0.387719298245614,0.21663563004345127,2,1941,0.3076480736055204,6,0,0.6,0.2794307891332471,1,131000,0.5483870967741935,0.387719298245614,0.3918791312559018
0.7,0.5223684210526316,0.0,2,2000,0.6848763657274296,6,1,0.5,0.479948253557568,0,235000,0.07258064516129031,0.5223684210526316,0.6334592382751021
0.5,0.5482456140350878,0.0,3,1967,0.7188039102932721,8,0,0.5,0.46985769728331184,0,124000,0.3387096774193548,0.5482456140350878,0.3682719546742209
0.5,0.2482456140350877,0.0,1,1967,0.3254744105807936,6,1,0.5,0.39831824062095733,1,123000,0.3387096774193548,0.2482456140350877,0.14164305949008493
0.6,0.6921052631578948,0.42892613283674735,2,1905,0.5100632547441059,7,0,0.7,0.5899094437257438,1,163000,0.8387096774193549,0.6921052631578948,0.7230540941589101
0.7,0.5114035087719299,0.0,3,2006,0.6705002875215642,6,1,0.5,0.15297542043984474,1,246578,0.024193548387096774,0.5114035087719299,0.6137865911237015
0.8,0.9421052631578947,0.8373680943513345,3,2005,0.45945945945945954,9,0,0.5,0.7105433376455369,1,281213,0.03225806451612903,0.9421052631578947,0.7354947015003672
0.5,0.5171052631578947,0.35630043451272503,1,1920,0.3479010925819437,8,0,0.8,0.2871927554980595,0,137500,0.717741935483871,0.5171052631578947,0.3263692162417374
0.5,0.6885964912280702,0.4767225325884544,1,1950,0.46118458884416336,7,1,0.4,0.3570504527813713,0,138000,0.47580645161290325,0.6885964912280702,0.7176581680830971
0.6,0.5587719298245614,0.2780881440099317,1,1925,0.4749856239217942,7,0,0.6,0.2904915912031048,1,137450,0.6774193548387096,0.5587719298245614,0.5180089032780251
0.6,0.36140350877192984,0.12911235257603973,1,1929,0.3542265669925245,5,0,0.7,0.2794307891332471,1,120000,0.6451612903225806,0.36140350877192984,0.5269121813031161
0.6,0.5521929824561403,0.45251396648044695,2,2004,0.3047728579643474,8,1,0.5,0.37095730918499353,1,193000,0.04032258064516129,0.5521929824561403,0.37358356940509907
0.7,0.42105263157894735,0.0,2,2006,0.552041403105233,6,0,0.5,0.32871927554980596,1,193879,0.024193548387096774,0.42105263157894735,0.4516839785961597
0.8,0.4956140350877193,0.0,3,2007,0.649798734905118,6,1,0.5,0.878137128072445,0,282922,0.016129032258064516,0.4956140350877193,0.5854579792256847
0.3,0.38596491228070173,0.3227808814400993,3,1915,0.20701552616446237,6,0,0.4,0.5646830530401035,0,105000,0.7580645161290323,0.38596491228070173,0.38873150771167764
0.8,0.5754385964912281,0.0,2,2004,0.7544565842438183,5,1,0.5,0.13984476067270377,1,275000,0.04032258064516129,0.5754385964912281,0.9877242681775258
0.5,0.19035087719298244,0.0,2,1972,0.24956871765382402,5,1,0.7,0.4375808538163002,0,133000,0.29838709677419356,0.19035087719298244,0.1586402266288951
0.5,0.21885964912280703,0.0,0,1985,0.28694652098907414,5,1,0.5,0.4592496765847348,0,112000,0.1935483870967742,0.21885964912280703,0.22001888574126527
0.4,0.4513157894736842,0.3860955927995034,2,1910,0.2340425531914894,6,0,0.7,0.39197930142302717,0,125500,0.7983870967741935,0.4513157894736842,0.5059804847340257
0.7,0.6605263157894737,0.5561762880198634,2,2001,0.3507763082231168,6,1,0.5,0.6946959896507116,0,230000,0.06451612903225806,0.6605263157894737,0.8813345923827511
0.6,0.5850877192982457,0.34512725015518314,1,1950,0.4473835537665325,6,0,0.8,0.5122897800776197,0,140000,0.47580645161290325,0.5850877192982457,0.7459867799811142
0.4,0.30964912280701756,0.0,2,1949,0.40598044853364,6,0,0.5,0.3570504527813713,0,90000,0.4838709677419355,0.30964912280701756,0.2518098835379289
0.8,0.6622807017543859,0.0,2,2005,0.8683151236342727,7,1,0.5,0.602457956015524,1,257000,0.03225806451612903,0.6622807017543859,0.6771887225145015
0.6,0.6640350877192982,0.4934823091247672,2,1923,0.41345600920069014,8,0,0.7,0.7356403622250971,1,207000,0.6935483870967741,0.6640350877192982,0.5240793201133145
0.7,0.5416666666666666,0.0,3,2007,0.7101782633697528,7,0,0.5,0.12645536869340232,1,175900,0.016129032258064516,0.5416666666666666,0.4917037636584378
0.4,0.8578947368421054,0.6480446927374302,2,1885,0.5244393329499712,11,0,0.6,0.6248382923673997,0,122500,1.0,0.8578947368421054,0.416344750622371
0.5,0.35526315789473684,0.0,1,1963,0.4657849338700403,6,1,0.5,0.48667529107373875,0,124000,0.3709677419354839,0.35526315789473684,0.33364809568775566
0.6,0.6622807017543859,0.0,2,1969,0.8683151236342727,7,1,0.5,0.9509055627425614,1,223000,0.3225806451612903,0.6622807017543859,0.6771887225145015
0.6,0.47456140350877196,0.43947858472998136,2,1968,0.21506612995974697,7,0,0.6,0.648124191461837,1,179900,0.33064516129032256,0.47456140350877196,0.38850667745851875
0.6,0.3223684210526316,0.0,2,1977,0.422656699252444,4,0,0.5,0.15284605433376458,1,127500,0.25806451612903225,0.3223684210526316,0.6952313503305003
0.6,0.22543859649122805,0.0,2,2003,0.29557216791259344,3,1,0.5,0.1782018111254851,0,136500,0.04838709677419355,0.22543859649122805,0.7680201447906831
0.5,0.4429824561403509,0.0,1,1958,0.5807935595169638,6,1,0.5,0.5060155239327296,1,144000,0.41129032258064513,0.4429824561403509,0.49102927289896114
0.6,0.40263157894736845,0.0,2,1959,0.527889591719379,7,0,0.6,0.5847994825355757,0,142000,0.4032258064516129,0.40263157894736845,0.27789019290435724
0.5,0.5368421052631579,0.3165735567970205,1,1945,0.41058079355951704,6,1,0.6,0.5983182406209573,1,140000,0.5161290322580645,0.5368421052631579,0.6594271325149512
0.5,0.20614035087719296,0.0,1,1940,0.2702702702702703,4,1,0.7,0.3570504527813713,2,119000,0.5564516129032258,0.20614035087719296,0.38243626062322944
0.6,0.48508771929824557,0.0,2,1981,0.6359976998274871,7,0,0.7,0.7028460543337646,1,182900,0.22580645161290322,0.48508771929824557,0.4046944556859571
0.6,0.2736842105263158,0.0,2,1976,0.35882691201840144,5,0,0.6,0.21009055627425616,0,143750,0.2661290322580645,0.2736842105263158,0.33805476864966943
0.4,0.27807017543859647,0.0,1,1927,0.36457734330074765,5,0,0.6,0.5899094437257438,0,64500,0.6612903225806451,0.27807017543859647,0.3474976392823418
0.6,0.6394736842105263,0.5152079453755432,2,2000,0.3611270845313399,8,1,0.5,0.5550452781371281,1,186500,0.07258064516129031,0.6394736842105263,0.49102927289896114
0.6,0.5276315789473685,0.0,2,1962,0.691776883266245,7,1,0.9,0.4346701164294955,1,174000,0.3790322580645161,0.5276315789473685,0.47012005935518686
0.4,0.2324561403508772,0.0,2,1971,0.3047728579643474,5,0,0.6,0.47347994825355755,0,120500,0.3064516129032258,0.2324561403508772,0.24929178470254953
0.6,0.3956140350877193,0.0,2,1957,0.5186889016676252,6,1,0.7,0.3704398447606727,0,149700,0.41935483870967744,0.3956140350877193,0.4060434372049102
0.7,0.6100877192982456,0.42520173805090006,2,1979,0.40598044853364,6,0,0.6,0.640620957309185,1,197000,0.24193548387096775,0.6100877192982456,0.7908404154863078
0.6,0.974122807017544,0.4643078833022967,2,1922,0.6262219666474986,11,0,0.7,0.636869340232859,1,191000,0.7016129032258065,0.8057017543859649,0.36526740492746157
0.6,0.22543859649122805,0.0,2,2004,0.29557216791259344,3,1,0.5,0.1776196636481242,1,149300,0.04032258064516129,0.22543859649122805,0.7680201447906831
0.6,0.2710526315789474,0.0,1,1916,0.3553766532489937,4,0,0.6,0.46403622250970245,1,121000,0.75,0.2710526315789474,0.5571293673276676
0.7,0.4771929824561404,0.0,2,2004,0.625646923519264,7,0,0.5,0.4411384217335058,0,179600,0.04032258064516129,0.4771929824561404,0.39255362201537836
0.6,0.25394736842105264,0.0,1,1966,0.33294997124784365,6,1,0.5,0.4346701164294955,0,129000,0.3467741935483871,0.25394736842105264,0.1518728360088133
0.8,0.7701754385964912,0.5400372439478585,2,1995,0.5094882116158712,8,1,0.5,0.5381630012936611,1,240000,0.11290322580645162,0.7701754385964912,0.6669027384324835
0.4,0.44385964912280707,0.3414028553693358,1,1910,0.26566992524439337,6,0,0.7,0.6524579560155239,0,112000,0.7983870967741935,0.44385964912280707,0.4926030846710734
0.5,0.6394736842105263,0.5561762880198634,0,1974,0.32317423806785517,8,0,0.5,0.47347994825355755,0,136000,0.282258064516129,0.6394736842105263,0.49102927289896114
0.8,0.5456140350877193,0.0,3,2008,0.7153536515238643,7,0,0.5,0.49042690815006473,1,287090,0.008064516129032258,0.5456140350877193,0.497774180493727
0.5,0.3236842105263158,0.0,2,2005,0.4243818286371478,5,1,0.5,0.12904269081500647,0,145000,0.03225806451612903,0.3236842105263158,0.44570349386213404
0.7,0.3890350877192983,0.0,2,2004,0.5100632547441059,6,1,0.5,0.37645536869340235,0,185000,0.04032258064516129,0.3890350877192983,0.3942398489140698
0.6,0.5758771929824561,0.430788330229671,2,1999,0.35595169637722834,7,0,0.5,0.4034282018111255,1,175000,0.08064516129032259,0.5758771929824561,0.5443140428976123
0.6,0.762719298245614,0.0,2,1978,1.0,7,1,0.6,0.7435316946959897,2,210000,0.25,0.762719298245614,0.8316471064346418
0.7,0.8798245614035088,0.7150837988826816,1,1941,0.49108683151236343,9,0,0.9,0.4761966364812419,2,266500,0.5483870967741935,0.8798245614035088,0.6610009442870632
0.5,0.3263157894736842,0.0,1,1950,0.42783208740655554,5,1,0.6,0.5198576972833118,0,142125,0.47580645161290325,0.3263157894736842,0.4513692162417373
0.5,0.40438596491228074,0.0,1,1965,0.5301897642323175,6,1,0.6,0.5340879689521345,0,147500,0.3548387096774194,0.40438596491228074,0.42178155492603087
